play_team,games,rim_rate,rim_pct,mid_rate,mid_pct,arc_rate,arc_pct,opp_rim_rate,opp_rim_pct,opp_mid_rate,opp_mid_pct,opp_arc_rate,opp_arc_pct
Abilene Christian Wildcats,17,58.9,67.3,28.4,41.2,12.8,33.3,62.3,69.6,24.1,42.7,13.6,37.0
Air Force Falcons,16,61.8,62.9,24.9,32.4,13.3,29.3,57.0,66.4,28.6,38.6,14.4,36.3
Akron Zips,16,55.9,71.9,26.0,39.3,18.0,40.8,52.3,66.4,29.2,30.5,18.5,39.1
Alabama A&M Bulldogs,16,58.0,64.7,31.8,37.9,10.2,25.8,56.3,68.2,30.0,33.7,13.7,31.7
Alabama Crimson Tide,16,54.3,71.0,23.3,39.2,22.4,34.5,60.2,62.4,27.1,36.3,12.7,34.8
Alabama St. Hornets,16,57.4,64.8,25.6,33.4,16.9,37.2,58.3,70.2,23.4,37.7,18.3,37.0
Alcorn St. Braves,14,48.9,59.7,37.0,32.5,14.2,41.3,60.4,71.1,24.9,44.0,14.6,31.7
American University Eagles,17,56.3,68.1,26.7,37.6,17.0,36.4,61.0,68.9,25.1,35.2,14.0,37.4
App St. Mountaineers,18,56.7,64.7,26.6,37.4,16.8,29.4,55.3,63.1,29.9,33.9,14.9,29.9
Arizona St. Sun Devils,16,60.3,70.6,24.9,33.7,14.8,33.8,57.3,69.7,24.5,38.2,18.2,32.2
Arizona Wildcats,16,67.3,71.0,25.3,39.5,7.4,38.2,53.5,60.5,36.2,34.8,10.2,29.4
Arkansas Baptist Buffaloes,3,49.1,62.6,37.2,36.8,13.7,21.9,67.8,62.3,23.0,29.0,9.3,32.0
Arkansas Razorbacks,16,55.1,73.4,31.8,43.7,13.2,35.4,53.4,66.7,32.8,31.7,13.8,35.4
Arkansas St. Red Wolves,17,59.8,71.6,27.0,32.7,13.2,32.6,58.3,67.3,30.4,37.5,11.3,32.5
Arkansas-Pine Bluff Golden Lions,16,56.7,67.7,24.8,34.5,18.5,34.3,60.9,69.0,22.3,36.6,16.8,33.5
Arlington Baptist Patriots,3,47.7,58.9,40.9,31.2,11.5,33.3,64.1,80.2,19.0,53.7,16.9,37.5
Army Black Knights,17,49.4,66.0,23.5,37.3,27.2,33.3,55.0,71.3,25.3,36.8,19.7,34.2
Auburn Tigers,16,60.5,70.3,24.1,39.2,15.4,35.7,54.0,68.3,28.0,40.7,18.0,33.6
Austin Peay Governors,15,57.1,65.8,25.7,34.9,17.3,37.3,53.0,64.0,28.7,37.9,18.3,29.7
BYU Cougars,15,58.7,72.9,25.6,40.7,15.8,37.5,52.8,61.0,32.0,34.1,15.1,28.5
Ball St. Cardinals,16,57.8,63.1,26.2,32.2,16.0,31.9,54.4,67.2,27.7,36.1,17.9,37.4
Baylor Bears,15,60.4,70.9,25.8,37.7,13.7,39.4,51.7,64.9,34.7,35.8,13.6,32.1
Bellarmine Knights,16,63.3,74.3,22.5,49.6,14.2,52.5,49.3,72.3,31.6,37.6,19.1,39.6
Belmont Bruins,18,59.0,68.8,24.3,40.1,16.8,41.4,47.2,64.8,33.0,32.1,19.7,32.5
Bethesda University Flames,6,42.4,51.7,38.3,25.4,19.3,26.3,66.0,74.1,18.9,40.9,15.1,37.0
Bethune-Cookman Wildcats,15,57.4,63.7,30.2,36.3,12.4,37.8,62.6,68.6,23.7,37.1,13.7,38.8
Binghamton Bearcats,18,65.0,69.4,23.0,35.5,12.0,30.7,58.8,66.6,27.0,41.4,14.2,35.7
Bob Jones Bruins,3,37.1,55.1,44.3,26.9,18.6,30.8,56.6,75.5,27.0,48.6,16.4,37.8
Boise St. Broncos,16,56.1,68.5,30.3,37.3,13.6,36.6,50.8,66.1,36.2,43.0,13.0,33.5
Boston College Eagles,15,53.6,63.8,29.0,36.3,17.4,27.4,57.9,61.2,27.0,35.6,15.1,31.3
Boston University Terriers,17,55.6,65.6,25.3,44.2,19.1,38.4,57.9,67.0,24.8,38.7,17.3,39.4
Bowling Green Falcons,17,66.8,70.1,19.5,38.5,13.7,34.7,57.0,68.4,25.7,33.8,17.3,35.7
Bradley Braves,18,57.3,67.7,29.9,34.4,12.8,40.1,55.0,67.5,31.9,39.7,13.1,32.2
Brown Bears,15,56.2,61.3,26.8,35.6,17.1,36.8,55.1,65.7,28.8,32.7,16.1,34.1
Bryan (TN) Lions,4,47.3,51.2,33.5,28.7,19.2,30.0,55.2,76.6,23.4,35.3,21.4,44.9
Bryant Bulldogs,17,48.8,64.6,32.6,34.4,18.5,26.9,59.9,63.4,24.9,35.1,15.1,32.1
Bucknell Bison,17,54.8,63.1,28.0,31.9,17.2,29.6,57.5,66.2,28.6,41.3,13.8,37.2
Buffalo Bulls,16,59.9,70.4,26.4,38.7,13.7,41.1,55.5,68.5,26.2,35.9,18.4,35.5
Butler Bulldogs,16,62.5,66.0,21.5,42.0,16.0,36.4,57.4,65.5,27.1,35.6,15.5,31.9
Cal Poly Mustangs,18,57.0,68.9,21.3,40.5,21.6,33.7,56.0,67.7,24.2,40.1,19.7,33.3
Cal St. Bakersfield Roadrunners,18,61.0,65.8,27.3,36.2,11.7,29.7,60.3,65.7,26.0,40.6,13.7,33.5
Cal St. Fullerton Titans,18,58.3,68.6,25.3,37.0,16.4,36.4,54.1,71.0,27.8,37.7,18.2,37.5
Cal St. Northridge Matadors,18,62.2,64.4,20.2,38.2,17.6,32.7,53.1,69.2,26.9,39.0,20.1,30.6
California Baptist Lancers,17,65.6,63.7,23.8,40.8,10.6,31.4,59.9,66.3,29.2,40.5,10.9,34.3
California Golden Bears,17,51.4,71.2,31.8,45.3,16.8,37.8,51.0,64.2,31.3,39.2,17.7,30.5
Campbell Fighting Camels,17,67.0,67.0,21.7,34.9,11.3,31.4,64.7,69.4,24.2,35.4,11.1,45.8
Canisius Golden Griffins,17,59.4,60.2,27.1,36.0,13.5,40.1,52.0,69.1,27.5,39.6,20.5,29.5
Carolina University Bruins,3,51.3,52.5,29.4,34.5,19.3,18.4,65.8,74.9,20.0,36.5,14.2,32.4
Central Arkansas Bears,17,50.5,65.6,23.7,33.6,25.7,33.3,47.0,71.5,25.6,35.4,27.3,33.1
Central Connecticut Blue Devils,15,56.2,68.2,26.5,42.6,17.3,36.8,52.9,61.4,26.0,34.6,21.0,35.9
Central Michigan Chippewas,16,57.9,70.1,31.8,37.3,10.3,31.1,57.6,69.6,25.1,37.4,17.3,36.2
Central Penn Knights,3,42.9,60.0,48.1,33.0,9.0,28.6,64.3,72.7,24.0,39.2,11.7,19.4
Chaminade Silverswords,3,57.8,56.8,26.9,38.9,15.3,34.1,66.8,72.6,16.4,44.2,16.8,40.9
Champion Christian Tigers,5,32.0,56.3,34.3,27.4,33.8,27.8,61.9,74.5,16.8,42.2,21.3,38.1
Charleston Cougars,17,59.6,71.2,25.5,30.5,15.0,33.3,51.9,63.3,33.3,34.5,14.8,32.8
Charleston Southern Buccaneers,19,50.4,66.6,25.8,36.8,23.8,37.5,58.0,64.7,31.2,34.7,10.8,25.6
Charlotte 49ers,17,56.4,68.2,29.9,35.3,13.7,38.3,57.0,63.9,30.5,38.1,12.5,38.1
Chattanooga Mocs,16,48.4,70.6,34.2,41.7,17.4,30.7,57.1,71.8,30.4,34.7,12.6,31.2
Chicago St. Cougars,17,52.8,63.2,35.0,40.5,12.2,27.3,51.6,73.6,24.2,41.4,24.1,37.0
Cincinnati Bearcats,16,51.7,64.0,27.2,36.5,21.1,31.8,48.8,62.9,33.4,44.1,17.8,27.6
Cleary University Cougars,3,51.4,51.8,36.0,28.6,12.6,18.5,64.9,65.7,25.8,33.3,9.3,38.5
Clemson Tigers,17,58.3,69.8,27.5,39.9,14.2,29.0,53.4,67.2,32.4,34.1,14.2,28.0
Cleveland St. Vikings,18,55.5,66.6,25.1,37.6,19.4,36.8,54.1,71.5,29.0,35.5,16.9,33.1
Coastal Carolina Chanticleers,18,50.3,63.8,33.1,33.2,16.6,38.6,53.2,62.4,34.3,36.3,12.5,29.9
Coastal Georgia Mariner,3,46.9,50.9,31.9,33.3,21.2,35.4,56.9,65.6,22.5,43.5,20.7,38.6
Colgate Raiders,17,55.6,69.9,33.0,39.3,11.3,36.5,56.9,65.6,30.4,34.3,12.7,32.1
College Of Biblical Studies Ambassadors,9,40.1,51.6,39.1,27.7,20.9,25.2,63.0,75.8,21.3,40.1,15.7,36.6
Colorado Buffaloes,16,65.7,68.0,24.7,44.7,9.6,32.8,55.7,66.4,30.4,37.6,13.9,37.6
Colorado St. Rams,16,53.4,75.1,30.2,42.3,16.4,44.0,49.5,67.8,31.0,38.3,19.5,33.2
Columbia Lions,16,61.2,66.4,22.8,41.0,16.0,39.0,57.7,59.9,26.7,40.0,15.6,31.1
Coppin St. Eagles,19,52.0,62.2,36.4,33.7,11.6,28.7,54.2,70.7,28.1,40.7,17.7,40.4
Cornell Big Red,15,51.3,71.0,30.5,43.1,18.2,41.2,58.1,67.0,26.4,40.1,15.6,39.7
Creighton Bluejays,17,50.2,71.6,25.6,38.3,24.1,35.9,56.5,62.8,31.3,35.4,12.3,36.1
Dakota St. Trojans,3,57.4,67.0,32.1,34.4,10.5,45.0,62.5,71.4,20.5,37.0,17.0,34.2
Dallas Christian Crusaders,3,54.5,51.2,28.8,18.8,16.7,18.9,62.3,69.7,21.5,40.4,16.2,41.9
Dartmouth Big Green,15,52.0,71.0,29.8,42.0,18.2,34.5,54.6,65.4,29.2,36.5,16.2,28.6
Davidson Wildcats,16,55.4,66.1,26.7,41.0,17.9,35.3,57.6,67.1,23.8,33.6,18.6,38.3
Dayton Flyers,16,63.0,69.7,21.5,30.6,15.5,34.8,56.3,61.4,24.2,36.2,19.5,36.8
DePaul Blue Demons,17,57.2,65.5,26.7,44.7,16.1,30.8,58.2,62.9,27.0,38.1,14.7,32.4
Delaware Blue Hens,16,50.4,65.2,32.0,39.4,17.6,33.7,52.9,65.6,30.6,36.4,16.5,32.2
Delaware St. Hornets,16,53.7,59.6,35.2,31.6,11.1,35.5,57.0,68.2,26.3,35.0,16.7,36.9
Denver Pioneers,19,55.7,71.3,33.7,42.8,10.7,33.5,60.6,67.3,27.8,40.1,11.5,40.2
Detroit Mercy Titans,16,55.4,68.1,31.4,38.3,13.2,29.9,55.5,69.1,28.4,34.4,16.0,32.2
Drake Bulldogs,17,53.2,69.4,29.6,39.4,17.3,42.2,51.5,65.0,33.1,33.1,15.4,39.5
Drexel Dragons,18,56.6,60.9,24.4,36.9,19.0,33.7,59.1,66.0,28.2,39.0,12.8,27.6
Duke Blue Devils,16,61.7,71.9,23.0,36.5,15.3,38.7,50.4,63.1,34.6,34.2,15.0,28.5
Duquesne Dukes,16,58.8,69.0,22.1,41.5,19.1,36.4,57.3,67.9,26.0,43.0,16.7,33.5
East Carolina Pirates,16,62.2,64.5,28.7,33.4,9.1,24.1,54.4,69.0,33.4,40.5,12.1,34.7
East Tennessee St. Buccaneers,17,54.3,70.4,26.8,44.9,18.9,36.6,49.9,66.4,24.9,36.3,25.2,30.0
East Texas A&M Lions,17,53.0,66.7,25.9,37.6,21.0,32.6,60.9,64.1,22.3,40.9,16.8,33.9
East-West University Phantoms,3,38.5,58.8,36.5,31.6,25.0,25.0,64.6,75.6,21.3,36.9,14.1,27.9
Eastern Illinois Panthers,16,55.9,66.3,29.5,36.1,14.5,29.7,55.4,71.0,22.9,32.6,21.7,30.2
Eastern Kentucky Colonels,17,46.6,66.7,32.2,39.4,21.2,31.4,58.1,68.9,25.7,39.9,16.2,34.4
Eastern Michigan Eagles,17,62.5,65.2,26.7,34.0,10.8,33.6,60.6,65.2,27.2,37.6,12.2,30.3
Eastern Washington Eagles,16,55.8,65.4,28.9,41.7,15.3,32.4,58.5,70.1,24.9,45.5,16.5,34.8
Ecclesia Royals,5,54.6,53.0,30.3,30.6,15.0,25.5,59.6,72.2,20.1,47.3,20.3,39.1
Elon Phoenix,17,57.4,69.4,25.3,40.1,17.3,36.6,54.0,68.1,25.7,39.3,20.4,36.9
Evansville Purple Aces,18,54.0,66.1,32.6,31.4,13.4,35.6,55.1,64.7,33.2,39.1,11.7,34.6
Fairfield Stags,17,55.1,61.8,27.5,39.3,17.4,35.3,61.3,63.4,21.4,40.0,17.3,33.3
Fairleigh Dickinson Knights,17,50.5,63.8,25.1,37.1,24.4,32.6,55.3,67.8,25.4,36.0,19.3,39.8
Fisk Bulldogs,4,45.4,54.3,36.8,24.1,17.8,24.1,57.8,75.7,23.0,27.1,19.2,40.8
Florida A&M Rattlers,12,57.1,65.2,26.9,33.9,16.0,29.9,62.7,72.1,21.5,36.1,15.8,37.7
Florida Atlantic Owls,17,56.2,67.8,23.4,42.4,20.4,34.4,57.6,64.2,25.1,40.6,17.3,32.7
Florida Gators,16,62.5,70.1,26.7,29.4,10.8,28.9,59.7,61.3,31.4,35.1,8.9,33.6
Florida Gulf Coast Eagles,17,51.1,65.6,32.6,39.4,16.3,36.7,57.6,67.6,26.8,38.8,15.6,32.9
Florida International Panthers,16,63.1,68.0,23.8,35.8,13.1,37.9,54.5,68.5,27.8,33.8,17.7,33.5
Florida St. Seminoles,16,54.1,66.2,21.8,36.9,24.2,30.2,56.6,69.1,24.4,36.8,19.0,38.6
Fordham Rams,17,52.8,66.6,32.6,37.6,14.6,30.2,46.7,61.2,39.9,40.5,13.4,29.7
Fort Lauderdale Eagles,3,54.4,57.4,32.0,26.2,13.6,29.4,59.0,64.7,21.9,42.9,19.1,34.5
Fresno St. Bulldogs,16,59.8,66.0,22.4,34.0,17.7,32.9,52.6,69.7,28.1,34.4,19.4,28.4
Furman Paladins,17,52.0,69.6,25.5,39.5,22.5,32.4,46.7,63.5,35.1,37.9,18.2,32.9
Gardner-Webb Runnin' Bulldogs,18,57.7,63.3,25.3,30.3,17.0,33.2,57.2,70.5,25.7,41.3,17.0,36.3
George Mason Patriots,17,64.8,71.8,25.4,40.4,9.8,35.9,49.2,65.9,34.2,35.0,16.5,31.2
George Washington Revolutionaries,17,62.2,68.4,21.8,36.1,15.9,39.6,54.4,67.2,28.8,34.2,16.8,28.2
Georgetown Hoyas,16,62.7,68.4,25.9,36.8,11.3,32.2,55.6,67.0,30.7,41.0,13.7,36.4
Georgia Bulldogs,16,60.0,76.1,24.1,35.9,15.9,32.2,59.4,59.4,26.2,39.1,14.4,28.0
Georgia Southern Eagles,18,57.3,67.0,24.5,36.4,18.1,30.7,58.2,65.7,24.9,35.4,16.8,32.8
Georgia St. Panthers,18,48.7,68.7,34.7,36.0,16.7,29.0,57.7,65.2,26.8,32.5,15.5,37.2
Georgia Tech Yellow Jackets,17,62.2,66.5,25.2,39.9,12.7,38.1,51.9,67.3,32.6,36.0,15.5,28.0
Gonzaga Bulldogs,18,60.4,71.0,29.6,44.1,9.9,38.1,51.5,64.8,30.8,32.3,17.7,29.3
Grambling Tigers,15,62.7,68.1,24.7,39.9,12.5,32.1,60.6,70.8,25.1,37.2,14.3,35.4
Grand Canyon Lopes,15,56.5,70.9,31.3,35.6,12.3,31.9,54.1,65.8,34.7,35.9,11.1,34.7
Green Bay Phoenix,18,64.0,67.8,22.5,41.3,13.6,33.3,53.7,67.2,29.4,39.6,16.8,34.2
Hampton Pirates,18,56.6,67.5,27.8,36.7,15.6,28.6,59.4,67.3,25.8,33.1,14.7,29.6
Harvard Crimson,16,56.1,67.7,29.7,40.9,14.2,33.1,57.5,65.8,25.4,36.7,17.1,32.1
Hawai'i Rainbow Warriors,15,63.9,67.4,24.4,37.3,11.7,27.8,59.7,56.8,30.3,32.3,10.0,26.1
High Point Panthers,19,62.7,73.8,20.2,43.3,17.0,37.5,54.0,67.5,27.4,34.5,18.6,33.7
Hofstra Pride,17,55.3,69.3,27.9,40.2,16.8,34.0,53.7,62.9,30.1,34.4,16.2,32.2
Holy Cross Crusaders,17,55.0,65.2,30.5,39.2,14.5,28.7,55.8,70.9,34.2,37.2,10.0,31.6
Houston Christian Huskies,16,61.6,66.4,20.5,34.6,17.9,28.2,56.5,67.6,27.8,41.4,15.7,33.9
Houston Cougars,16,44.2,71.5,34.2,38.6,21.6,38.7,53.8,64.2,27.9,33.2,18.3,28.5
Howard Bison,17,63.6,62.4,24.0,39.5,12.3,31.1,60.5,69.6,25.6,30.3,13.9,36.2
IU Indianapolis Jaguars,19,50.2,68.8,29.9,35.9,19.9,29.7,66.2,71.6,20.8,42.2,13.1,36.2
Idaho St. Bengals,17,59.9,70.5,27.6,39.6,12.6,31.9,58.7,68.4,29.0,39.8,12.2,34.0
Idaho Vandals,16,53.0,68.8,29.5,33.6,17.6,43.6,52.7,67.4,32.8,38.5,14.5,28.2
Illinois Fighting Illini,16,55.1,73.6,28.7,34.1,16.3,38.3,45.7,58.9,39.1,33.4,15.2,32.6
Illinois St. Redbirds,17,54.3,66.5,31.2,44.0,14.5,33.2,51.4,65.0,36.3,35.8,12.3,29.8
Incarnate Word Cardinals,16,54.8,65.5,27.8,39.5,17.4,40.7,61.7,68.0,24.8,39.4,13.5,34.2
Indiana Hoosiers,16,55.1,73.8,24.9,40.8,20.0,36.3,55.1,63.7,34.5,33.3,10.5,33.1
Indiana St. Sycamores,17,53.9,69.5,28.5,36.6,17.6,30.9,51.7,61.2,36.1,40.5,12.2,34.0
Iona Gaels,18,53.5,64.7,29.3,39.5,17.2,37.2,53.0,65.1,31.8,34.9,15.2,31.6
Iowa Hawkeyes,16,60.9,70.5,25.4,41.4,13.7,40.8,57.5,66.4,29.8,35.1,12.7,27.1
Iowa St. Cyclones,16,59.6,68.9,27.2,44.9,13.2,41.4,51.5,63.7,32.3,32.1,16.2,34.3
Jackson St. Tigers,15,48.6,64.4,31.2,32.4,20.2,33.3,57.5,70.9,25.5,40.0,17.0,36.1
Jacksonville Dolphins,17,53.7,64.7,23.8,39.7,22.6,35.1,59.1,67.9,24.0,40.7,16.9,32.7
Jacksonville St. Gamecocks,16,61.4,64.5,25.4,37.7,13.1,33.1,54.6,66.6,31.5,30.6,13.9,32.3
James Madison Dukes,17,57.1,69.1,27.8,31.5,15.1,37.2,57.7,68.4,27.4,34.4,14.9,35.3
Justice College Lions,3,56.4,49.6,31.3,28.8,12.3,30.8,71.4,64.2,12.6,45.5,16.0,26.2
Kansas City Roos,17,60.1,65.3,25.3,35.3,14.6,36.0,60.2,68.6,23.8,35.2,16.1,39.5
Kansas Jayhawks,16,58.3,71.1,28.8,35.1,13.0,32.9,54.4,59.9,30.8,32.2,14.8,26.5
Kansas St. Wildcats,16,57.9,67.6,25.2,38.1,16.9,35.9,59.9,69.2,24.2,37.6,15.8,29.3
Kennesaw St. Owls,15,61.3,65.4,22.6,33.9,16.1,33.0,60.7,65.4,26.0,35.6,13.2,34.9
Kent St. Golden Flashes,16,58.7,72.8,24.5,33.6,16.8,39.5,55.7,66.3,26.4,37.2,17.8,36.3
Kentucky Christian Knights,4,50.2,55.6,32.3,32.2,17.5,34.0,62.6,77.1,20.2,44.6,17.1,36.4
Kentucky Wildcats,16,59.2,72.1,27.2,33.2,13.6,36.0,53.3,67.8,35.1,33.3,11.6,28.9
LSU Tigers,15,61.1,75.0,22.6,41.4,16.2,34.4,52.1,63.8,30.1,36.3,17.7,35.0
La Salle Explorers,17,63.0,64.7,25.5,34.9,11.5,31.0,54.0,66.5,27.6,39.4,18.4,35.0
La Sierra Golden Eagles,3,40.2,59.2,43.9,31.3,15.9,20.0,50.6,70.1,30.6,37.3,18.8,19.6
Lafayette Leopards,16,56.6,64.0,28.4,32.4,15.0,37.7,56.5,67.8,28.2,39.2,15.4,36.2
Lamar Cardinals,16,50.8,65.5,36.3,36.8,12.9,33.1,58.1,65.7,29.7,34.9,12.2,33.8
Le Moyne Dolphins,17,57.4,69.8,24.3,37.2,18.3,33.2,53.5,66.4,28.4,40.4,18.1,35.9
Lehigh Mountain Hawks,17,51.9,68.3,29.7,35.7,18.4,35.7,60.0,62.6,30.1,44.2,9.9,28.3
Liberty Flames,16,55.2,69.9,19.6,51.1,25.3,37.1,55.2,61.7,28.2,37.0,16.6,33.2
Lincoln University (CA) Oaklanders,5,48.3,53.4,29.2,34.3,22.5,35.8,69.0,79.5,21.0,44.2,10.0,42.2
Lindenwood Lions,17,61.2,68.0,29.1,35.5,9.7,29.6,57.0,63.5,30.4,32.0,12.6,31.4
Lipscomb Bisons,17,54.8,67.4,26.7,36.3,18.4,37.9,55.2,66.4,27.7,34.8,17.1,36.7
Little Rock Trojans,17,56.6,67.6,30.8,32.9,12.6,39.2,55.0,67.4,22.5,37.4,22.4,39.6
Long Beach St. Beach,17,55.7,68.6,30.5,36.9,13.8,31.4,61.7,69.8,23.6,44.1,14.6,38.6
Long Island University Sharks,17,62.4,63.4,24.4,41.7,13.2,38.1,62.8,65.2,24.1,40.4,13.1,34.9
Longwood Lancers,19,63.5,70.1,21.2,35.2,15.4,31.6,55.5,69.5,23.7,36.9,20.8,34.3
Louisiana Ragin' Cajuns,18,45.7,64.5,36.0,34.0,18.3,33.8,63.9,68.8,22.6,36.9,13.4,33.3
Louisiana Tech Bulldogs,16,57.5,63.4,30.4,37.7,12.1,29.1,45.5,65.3,36.3,30.4,18.2,31.7
Louisville Cardinals,16,55.4,73.9,24.3,34.5,20.3,34.9,54.0,66.9,28.0,31.7,18.0,29.0
Loyola Chicago Ramblers,17,55.0,66.3,24.4,34.3,20.6,31.5,52.3,68.2,31.4,40.4,16.4,35.8
Loyola Maryland Greyhounds,17,53.7,61.9,25.5,40.4,20.7,34.3,54.7,68.5,28.0,41.3,17.3,32.9
Loyola Marymount Lions,19,54.4,68.2,30.1,40.2,15.6,34.4,57.4,63.8,30.1,40.4,12.5,32.2
Maine Black Bears,18,56.0,62.6,28.3,33.9,15.7,35.5,56.8,65.5,28.9,34.3,14.4,32.1
Manhattan Jaspers,18,59.6,66.7,26.2,40.3,14.2,34.2,56.2,65.8,29.6,37.7,14.2,39.3
Marist Red Foxes,16,52.2,69.1,35.8,40.1,12.0,34.3,55.4,66.1,31.6,33.8,13.0,29.9
Marquette Golden Eagles,17,59.4,60.3,20.0,34.3,20.6,32.3,54.0,68.1,25.8,42.2,20.2,33.3
Marshall Thundering Herd,17,48.2,73.3,32.4,39.0,19.3,32.7,56.8,64.4,27.6,35.6,15.5,32.6
Maryland Eastern Shore Hawks,19,53.3,63.8,33.6,37.6,13.2,31.1,57.8,66.3,28.2,34.1,14.0,32.8
Maryland Terrapins,16,56.4,63.7,27.2,40.9,16.4,30.3,55.9,67.5,25.5,43.9,18.6,35.1
Massachusetts Minutemen,17,62.1,64.5,24.9,38.9,13.1,36.7,61.6,68.8,23.5,32.7,14.9,32.6
McNeese Cowboys,15,61.4,70.1,27.4,36.5,11.2,30.8,53.0,64.4,28.5,35.6,18.5,31.3
Memphis Tigers,15,57.4,66.1,27.2,34.8,15.4,33.3,54.3,69.7,28.6,34.8,17.1,28.6
Mercer Bears,17,53.0,70.2,31.6,40.3,15.4,30.6,52.0,63.9,32.7,36.2,15.2,34.0
Mercyhurst Lakers,17,52.6,62.8,32.8,39.5,14.6,34.5,62.7,64.4,22.9,36.0,14.4,34.7
Merrimack Warriors,18,56.6,66.7,26.0,30.4,17.4,33.8,63.1,64.1,25.2,37.8,11.7,32.7
Miami (OH) RedHawks,16,56.1,75.9,27.5,42.7,16.4,40.0,53.6,66.9,34.5,33.4,11.9,37.8
Miami Hurricanes,16,65.5,69.5,23.3,38.2,11.2,38.9,51.3,62.7,33.2,36.6,15.5,36.8
Michigan St. Spartans,16,53.1,70.2,34.3,40.5,12.6,36.7,48.0,63.7,35.1,35.1,16.8,29.4
Michigan Wolverines,15,59.9,74.7,17.0,45.0,23.1,38.0,45.9,60.2,34.9,33.8,19.2,27.5
Mid-Atlantic Christian Mustangs,3,43.1,67.8,45.9,26.0,11.0,13.0,57.1,82.5,25.4,52.5,17.5,35.7
Middle Tennessee Blue Raiders,16,46.8,69.6,35.8,36.9,17.4,36.7,57.9,66.3,30.5,34.3,11.6,30.9
Midway University Eagles,4,45.0,62.4,34.2,36.0,20.8,38.9,60.3,72.5,27.1,57.0,12.5,39.5
Milwaukee Panthers,18,54.6,65.8,29.6,37.5,15.8,32.8,60.2,69.2,24.4,35.3,15.4,41.8
Minnesota Golden Gophers,16,60.9,68.8,27.5,37.0,11.6,24.6,53.8,64.3,33.7,36.7,12.5,29.1
Mississippi St. Bulldogs,15,53.5,70.0,31.2,36.5,15.3,30.5,49.8,68.7,34.4,33.6,15.8,31.6
Mississippi Valley St. Delta Devils,17,48.9,68.7,36.3,36.5,14.8,27.4,58.1,72.9,21.7,41.2,20.2,36.4
Missouri St. Bears,16,56.3,70.9,28.5,35.0,15.2,31.4,52.5,68.8,33.3,36.3,14.1,30.5
Missouri Tigers,16,64.8,67.9,20.9,39.1,14.3,35.4,50.9,64.0,32.0,37.0,17.2,37.4
Monmouth Hawks,17,60.0,64.2,25.8,39.1,14.2,34.6,56.3,62.9,27.7,38.1,16.0,34.3
Montana Grizzlies,16,60.2,70.7,23.4,43.6,16.4,32.7,55.9,65.0,31.9,34.1,12.3,33.1
Montana St. Bobcats,17,49.0,70.3,28.7,43.5,22.3,35.5,59.5,64.6,26.3,36.9,14.2,33.0
Morehead St. Eagles,17,59.2,67.4,26.8,40.2,13.9,31.5,54.9,67.1,25.3,39.6,19.8,34.9
Morgan St. Bears,16,56.2,67.7,31.2,38.8,12.6,29.3,61.4,72.9,23.3,39.4,15.3,35.3
Mount St. Mary's Mountaineers,18,53.8,65.7,26.6,36.0,19.6,30.2,53.7,67.1,30.7,40.3,15.7,33.0
Murray St. Racers,18,54.8,72.8,29.2,39.1,16.0,39.8,59.9,65.0,32.9,39.2,7.2,38.1
NC St. Wolfpack,16,54.4,71.7,21.4,38.3,24.2,42.4,54.8,66.9,16.7,38.8,28.6,33.6
NJIT Highlanders,18,50.8,62.8,30.5,36.8,18.8,32.5,58.7,65.3,25.3,35.8,15.9,35.1
Navy Midshipmen,17,62.2,68.5,25.1,34.5,12.6,35.2,49.9,64.1,35.9,33.1,14.2,31.5
Nebraska Cornhuskers,16,54.2,71.1,29.3,37.5,16.5,30.4,44.3,63.4,37.0,31.6,18.8,33.3
Nevada Wolf Pack,16,58.1,66.2,33.9,39.1,7.9,35.6,55.5,64.9,29.3,36.9,15.2,39.2
New Hampshire Wildcats,16,57.3,61.7,26.0,33.0,16.7,31.0,61.8,64.0,26.3,38.4,12.0,34.7
New Haven Chargers,17,52.8,64.3,31.5,37.5,15.7,27.5,55.7,65.9,27.5,40.5,16.8,30.6
New Mexico Highlands Cowboys,3,62.5,54.6,18.8,30.8,18.8,23.1,57.6,66.0,19.2,38.8,23.1,42.4
New Mexico Lobos,16,57.3,69.5,21.5,35.7,21.2,35.8,47.7,67.9,31.5,34.1,20.8,30.3
New Mexico St. Aggies,14,55.0,66.6,31.8,40.2,13.1,34.5,56.8,69.1,27.0,32.2,16.2,24.4
New Orleans Privateers,16,59.1,66.7,27.6,36.0,13.3,34.4,58.1,65.2,27.0,40.1,14.9,34.8
Niagara Purple Eagles,16,57.8,61.2,25.1,35.2,17.1,32.1,55.9,68.7,29.3,41.9,14.8,38.2
Nicholls Colonels,16,61.6,72.4,24.6,39.7,13.7,40.7,62.8,71.9,21.6,35.3,15.6,37.2
Nobel Knights,7,60.7,54.7,31.4,37.4,7.9,20.5,70.5,68.7,17.5,44.7,12.1,38.0
Norfolk St. Spartans,18,61.6,64.6,26.4,37.4,11.9,32.1,55.4,70.4,24.7,32.8,19.9,32.3
North Alabama Lions,15,56.8,65.2,30.6,32.0,12.5,38.5,51.8,67.5,31.2,38.0,17.0,37.5
North Carolina A&T Aggies,15,57.2,69.5,27.7,44.2,15.2,32.8,55.5,66.1,30.8,44.0,13.7,32.9
North Carolina Central Eagles,17,61.5,67.3,26.0,30.9,12.5,29.2,56.7,67.9,26.6,38.9,16.8,35.6
North Carolina Tar Heels,16,59.4,69.5,26.5,39.9,14.0,32.6,49.4,62.1,37.7,32.9,12.9,32.0
North Dakota Fighting Hawks,20,60.1,63.7,24.5,32.1,15.4,33.3,61.2,69.1,22.1,38.7,16.7,35.3
North Dakota St. Bison,19,57.1,67.1,28.9,37.7,13.9,37.9,54.8,64.4,27.8,39.1,17.4,33.5
North Florida Ospreys,17,49.4,66.2,28.2,40.6,22.4,31.9,61.0,68.9,22.8,35.6,16.1,36.4
North Texas Mean Green,17,62.5,66.5,21.4,30.4,16.0,38.1,62.2,65.1,21.9,38.8,15.9,25.3
Northeastern Huskies,16,61.8,67.6,25.4,37.4,12.8,36.8,63.7,73.8,23.5,38.7,12.9,37.2
Northern Arizona Lumberjacks,17,56.8,64.9,34.4,41.6,8.9,35.8,57.6,65.1,29.1,39.4,13.3,38.8
Northern Colorado Bears,17,53.9,70.7,27.9,44.0,18.2,36.7,60.2,68.8,30.5,35.8,9.3,29.6
Northern Illinois Huskies,15,60.5,63.9,25.5,29.2,14.0,38.1,59.3,69.9,27.9,38.4,12.8,32.7
Northern Iowa Panthers,17,55.1,64.9,28.6,41.0,16.3,31.9,55.6,63.4,27.4,32.9,17.0,24.7
Northern Kentucky Norse,19,57.5,70.1,26.7,39.0,15.8,32.6,56.1,66.5,25.6,38.4,18.3,38.8
Northwestern St. Demons,15,57.5,69.8,29.4,40.4,13.1,35.9,59.0,68.3,27.7,40.4,13.3,41.4
Northwestern Wildcats,16,59.7,72.1,28.0,41.4,12.3,32.2,55.6,68.6,30.3,37.7,14.1,28.4
Notre Dame (MD) Gators,3,48.7,55.9,36.0,31.7,15.4,22.9,57.4,69.7,22.6,44.3,20.0,37.0
Notre Dame Fighting Irish,16,55.2,65.9,28.0,39.6,16.8,35.9,50.8,65.0,32.1,37.1,17.2,29.6
Oakland Golden Grizzlies,18,65.8,67.7,21.0,37.1,13.2,37.4,54.5,70.0,25.5,38.4,19.9,37.2
Oakwood Ambassadors,3,45.8,57.0,42.2,25.7,12.0,30.0,55.0,72.1,29.7,49.4,15.3,23.9
Ohio Bobcats,17,56.1,70.1,29.3,41.6,14.7,29.0,58.0,65.9,28.3,36.7,13.6,37.9
Ohio St. Buckeyes,15,59.3,75.5,28.0,42.6,12.7,33.3,52.0,67.6,32.6,35.0,15.4,27.7
Oklahoma Sooners,16,53.5,71.8,26.1,38.3,20.4,35.2,52.8,65.8,32.3,38.0,14.9,32.6
Oklahoma St. Cowboys,16,64.5,69.9,21.6,42.3,13.9,34.0,54.8,67.3,23.0,36.5,22.2,33.3
Old Dominion Monarchs,18,53.9,68.1,31.9,35.5,14.2,31.1,61.7,68.5,26.0,33.0,12.3,33.7
Ole Miss Rebels,16,50.6,72.0,33.1,38.7,16.3,38.5,53.0,66.0,28.6,36.6,18.4,36.2
Omaha Mavericks,19,55.8,68.8,26.8,39.8,17.4,36.9,51.7,72.5,31.2,31.8,17.1,41.2
Oral Roberts Golden Eagles,18,55.5,68.1,27.8,34.1,16.7,32.6,62.0,66.9,25.8,33.2,12.1,36.2
Oregon Ducks,16,54.5,69.0,31.1,34.8,14.4,36.3,52.0,69.7,36.1,43.9,12.0,22.5
Oregon St. Beavers,19,53.5,71.3,27.7,39.7,18.8,36.2,56.5,67.3,26.0,38.5,17.5,33.6
Pacific Tigers,19,59.8,69.7,25.9,39.9,14.3,33.7,52.7,65.8,32.9,38.3,14.4,35.0
Penn St. Nittany Lions,16,58.2,67.2,30.3,39.5,11.4,33.6,52.1,70.3,31.5,40.7,16.4,37.2
Penn St.-Shenango Nittany Lions,4,34.4,46.7,41.0,20.0,24.6,28.0,52.8,70.5,22.1,35.2,25.1,37.0
Pennsylvania Quakers,15,57.8,63.9,31.1,42.1,11.1,35.8,57.7,66.6,26.8,38.8,15.5,31.8
Pepperdine Waves,19,57.8,68.6,32.2,31.9,9.9,29.4,56.2,66.5,29.2,38.1,14.6,36.1
Pittsburgh Panthers,16,53.6,67.1,29.6,40.8,16.8,33.3,56.3,68.4,29.5,38.3,14.1,34.4
Portland Pilots,19,61.3,71.0,28.0,36.1,10.7,30.8,52.6,71.6,30.0,37.9,17.4,35.4
Portland St. Vikings,14,62.6,68.2,22.6,36.9,14.9,31.5,59.8,67.6,27.5,34.9,12.6,30.5
Prairie View A&M Panthers,16,60.2,70.7,27.9,36.4,11.9,31.9,61.2,68.4,24.6,39.3,14.2,32.8
Presbyterian Blue Hose,18,63.8,66.8,23.4,33.6,12.8,32.7,60.6,63.8,25.0,41.3,14.4,34.4
Princeton Tigers,17,52.3,64.4,33.2,37.8,14.5,31.1,58.1,67.1,27.4,41.3,14.5,23.4
Providence Friars,16,57.6,71.6,25.9,41.0,16.5,33.6,53.0,65.0,32.9,37.8,14.1,40.2
Purdue Boilermakers,16,52.2,72.3,33.0,43.5,14.8,42.2,47.8,64.4,36.3,34.0,15.9,32.2
Purdue Fort Wayne Mastodons,19,54.7,67.9,24.7,40.5,20.6,33.4,52.1,70.5,27.4,35.7,20.5,35.9
Queens University Royals,17,55.5,69.9,22.6,38.4,21.9,36.4,58.4,67.8,24.1,39.9,17.5,38.1
Quinnipiac Bobcats,17,55.9,65.2,29.8,35.6,14.4,40.8,55.4,62.8,29.7,35.5,14.9,30.9
Radford Highlanders,18,55.2,68.1,27.1,36.3,17.6,33.7,58.6,66.2,28.0,37.6,13.4,36.3
Rhode Island Rams,17,55.6,69.0,26.4,36.7,18.0,34.1,57.6,65.0,26.0,34.0,16.4,37.4
Rice Owls,17,54.3,63.2,30.1,36.2,15.6,34.9,54.9,67.3,32.8,35.2,12.3,36.6
Richmond Spiders,17,54.6,71.1,35.2,42.7,10.1,36.0,52.1,65.7,33.1,35.8,14.8,34.7
Rider Broncs,15,53.9,62.7,35.5,35.0,10.6,23.9,60.2,63.1,27.0,35.9,12.8,35.8
Robert Morris Colonials,18,55.3,71.4,28.4,43.7,16.3,34.7,62.9,67.1,23.4,37.2,13.6,34.4
Rutgers Scarlet Knights,17,53.3,64.6,32.9,39.9,13.9,33.7,51.7,67.8,33.5,35.0,14.7,44.5
SE Louisiana Lions,16,55.0,68.2,30.2,30.0,14.7,26.7,56.9,68.2,29.5,37.9,13.6,34.6
SIU Edwardsville Cougars,17,57.8,64.1,29.4,33.4,12.8,39.1,54.1,63.6,33.7,34.8,12.2,30.9
SMU Mustangs,16,58.9,72.1,27.7,43.1,13.4,34.4,51.7,68.7,29.0,35.6,19.2,30.9
Sacramento St. Hornets,15,56.9,66.7,27.8,36.6,15.2,30.0,59.9,67.2,25.1,36.2,15.0,37.4
Sacred Heart Pioneers,18,48.9,70.3,28.9,35.2,22.2,34.1,54.1,69.5,25.6,35.0,20.3,40.3
Sam Houston Bearkats,16,57.8,67.1,22.5,44.7,19.7,31.2,52.7,67.8,28.3,34.9,19.1,30.2
Samford Bulldogs,17,54.4,67.6,26.2,31.6,19.4,37.1,54.4,63.9,33.1,41.8,12.5,34.3
San Diego St. Aztecs,15,55.4,72.3,32.3,40.2,12.2,35.9,49.7,68.5,34.6,33.7,15.7,36.1
San Diego Toreros,18,49.6,70.6,33.9,42.5,16.5,41.9,57.1,69.4,30.8,39.8,12.1,31.9
San Francisco Dons,19,53.6,68.8,31.7,39.8,14.7,33.7,55.5,63.5,32.9,38.2,11.6,29.4
San Jos√© St. Spartans,16,57.1,64.4,30.6,42.7,12.3,41.8,59.5,70.0,27.3,39.9,13.2,34.0
Santa Clara Broncos,19,54.9,66.6,29.5,39.8,15.6,31.8,61.8,68.8,25.1,32.9,13.1,33.7
Seattle U Redhawks,18,60.2,66.6,25.9,35.7,13.9,37.8,56.4,65.9,30.0,33.9,13.6,31.4
Seton Hall Pirates,15,63.5,66.9,25.4,41.6,11.1,27.6,59.1,63.5,26.3,32.6,14.6,28.7
Siena Saints,17,58.9,68.8,31.4,39.1,9.6,30.8,56.4,63.3,30.1,39.9,13.5,29.8
South Alabama Jaguars,16,61.7,65.8,24.9,40.9,13.4,31.9,34.8,65.7,40.5,32.1,24.7,33.8
South Carolina Gamecocks,16,53.4,75.0,23.4,38.5,23.2,35.1,56.7,64.7,30.6,37.6,12.6,29.3
South Carolina St. Bulldogs,17,51.3,60.9,35.9,35.4,12.9,31.9,61.5,73.0,20.0,37.6,18.5,34.1
South Carolina Upstate Spartans,18,58.1,65.1,31.0,37.6,10.9,37.5,57.0,65.5,33.3,32.2,9.7,32.8
South Dakota Coyotes,18,65.6,65.7,21.9,38.7,12.4,36.2,65.3,68.9,21.0,35.9,13.7,34.9
South Dakota St. Jackrabbits,18,58.7,65.7,27.4,37.9,13.9,32.1,52.7,65.6,32.4,36.6,14.9,28.9
South Florida Bulls,16,61.9,67.9,19.2,33.0,18.8,34.5,61.2,64.8,25.0,38.2,13.8,32.9
Southeast Missouri St. Redhawks,17,60.4,68.8,28.2,36.2,11.4,30.5,62.9,69.3,27.0,40.9,10.1,35.2
Southern Illinois Salukis,17,59.1,65.1,31.9,42.3,9.0,33.3,54.3,64.9,33.3,35.4,12.4,35.6
Southern Indiana Screaming Eagles,14,52.1,62.1,28.1,32.6,19.8,30.6,65.1,63.2,23.3,34.6,11.5,36.2
Southern Jaguars,16,60.5,65.5,26.0,35.6,13.6,36.8,56.2,70.6,26.3,38.2,17.5,37.0
Southern Miss Golden Eagles,17,64.3,70.2,23.8,34.6,11.9,32.5,56.6,65.7,26.7,37.0,16.7,35.0
Southern Utah Thunderbirds,17,58.1,66.6,25.2,32.1,16.7,33.5,58.8,64.8,28.1,42.4,13.1,35.6
Southern Wesleyan Warriors,3,45.5,59.8,43.0,29.7,11.5,37.0,48.7,73.2,28.7,45.3,22.6,35.6
Southwestern Adventist Knights,3,46.6,61.8,45.5,32.2,7.9,20.0,60.3,71.7,22.2,39.3,17.5,50.0
Southwestern Christian Eagles,3,37.9,56.8,37.5,33.3,24.6,26.3,57.7,66.9,26.1,46.5,16.2,38.6
St. Bonaventure Bonnies,16,57.8,65.5,31.3,43.7,10.8,34.8,58.3,68.9,29.6,38.7,12.1,30.8
St. Francis Red Flash,17,50.0,62.7,33.1,37.6,16.9,31.0,56.6,70.3,27.1,39.3,16.3,35.5
St. John's Red Storm,16,63.5,69.1,22.2,38.9,14.3,37.0,58.8,65.2,25.3,36.0,15.9,33.2
St. Joseph's Hawks,17,56.1,69.6,25.9,32.9,17.9,29.2,54.1,63.6,31.4,37.7,14.5,31.6
St. Louis Billikens,16,57.7,73.4,26.8,44.0,15.5,39.9,53.8,62.5,34.1,34.1,12.2,24.2
St. Mary's Gaels,18,59.4,70.3,26.6,42.8,14.0,36.1,51.6,60.9,35.4,36.4,13.0,25.5
St. Peter's Peacocks,14,56.7,65.0,26.2,35.9,17.1,30.8,65.7,65.7,20.9,33.3,13.4,35.3
St. Thomas-Minnesota Tommies,18,60.5,71.8,24.5,35.1,15.0,35.1,55.4,65.7,27.8,36.7,16.8,34.4
Stanford Cardinal,17,62.0,66.5,24.9,36.0,13.1,30.7,62.6,68.2,26.3,39.8,11.1,32.6
Stephen F. Austin Lumberjacks,16,51.5,63.7,30.9,40.3,17.6,38.4,59.9,63.5,27.3,34.7,12.7,27.7
Stetson Hatters,17,51.3,65.0,28.4,33.5,20.3,33.6,55.7,69.4,27.6,36.6,16.7,36.7
Stonehill Skyhawks,16,55.5,60.6,29.4,34.8,15.1,36.3,57.7,63.7,30.8,35.1,11.5,35.5
Stony Brook Seawolves,18,50.0,69.5,30.5,44.6,19.5,38.6,52.2,66.8,34.2,34.6,13.6,39.1
Syracuse Orange,16,61.5,66.8,21.8,38.9,16.8,29.7,58.2,62.5,24.2,35.0,17.6,27.1
TCU Horned Frogs,16,57.6,69.3,29.0,37.2,13.4,35.7,54.8,62.2,29.9,37.3,15.3,38.0
Tarleton St. Texans,17,60.1,69.8,27.7,45.4,12.2,35.5,58.4,68.3,23.4,40.3,18.2,34.5
Temple Owls,16,61.4,68.7,24.2,39.4,14.4,39.0,55.9,64.5,27.6,41.9,16.5,30.9
Tennessee St. Tigers,16,61.1,69.3,25.3,35.0,13.7,32.6,63.4,66.3,23.4,37.1,13.3,31.1
Tennessee Tech Golden Eagles,17,60.0,68.5,23.3,34.5,16.7,31.7,55.1,65.5,29.7,36.8,15.2,37.3
Tennessee Volunteers,16,61.3,69.4,25.0,39.3,13.6,35.8,50.7,65.2,28.6,35.3,20.7,27.2
Texas A&M Aggies,15,57.0,69.4,23.0,50.8,20.0,34.2,52.9,68.2,25.4,42.1,21.7,34.1
Texas A&M-Corpus Christi Islanders,16,61.5,64.6,25.3,36.7,13.2,34.8,59.7,68.7,25.7,35.7,14.6,28.9
Texas Longhorns,16,62.7,70.5,27.0,38.6,10.3,36.6,57.1,67.1,33.8,34.8,9.1,37.1
Texas Southern Tigers,14,61.7,66.8,25.0,31.6,13.3,30.3,60.2,71.9,22.3,37.6,17.5,33.2
Texas St. Bobcats,18,59.7,66.9,28.8,37.9,11.5,35.3,62.0,64.9,21.5,31.9,16.5,38.9
Texas Tech Red Raiders,16,52.1,65.7,29.0,37.9,18.8,42.3,54.0,67.2,32.6,37.9,13.4,31.3
The Citadel Bulldogs,17,52.5,62.8,25.1,34.8,22.4,33.2,56.7,68.2,25.4,42.4,17.9,35.5
Toccoa Falls Eagles,4,55.1,62.6,27.5,27.4,17.4,23.3,59.9,74.2,14.1,42.6,25.9,36.4
Toledo Rockets,16,60.7,68.7,27.0,40.6,12.2,31.2,53.9,66.5,28.0,39.0,18.2,35.7
Towson Tigers,18,53.4,66.4,29.6,37.3,17.0,29.1,53.4,70.3,28.9,33.3,17.7,30.9
Trinity College of Jacksonville Eagles,3,46.7,61.1,33.9,30.5,19.4,25.5,57.2,77.8,24.4,52.1,18.4,36.4
Troy Trojans,17,59.8,65.5,20.4,36.1,19.8,36.8,56.0,61.1,27.2,41.4,16.8,32.8
Tulane Green Wave,16,56.9,70.7,28.7,35.0,14.4,35.2,55.5,65.1,29.8,38.6,14.7,36.7
Tulsa Golden Hurricane,15,62.4,71.2,26.4,41.5,11.2,32.4,52.0,67.8,33.9,32.0,14.2,33.5
UAB Blazers,16,58.9,67.4,27.3,42.7,13.8,31.4,52.0,65.7,25.9,38.9,22.0,32.7
UAlbany Great Danes,17,56.8,62.5,28.4,42.8,14.8,28.6,58.9,65.8,26.2,39.4,14.9,36.9
UC Davis Aggies,16,55.6,73.0,27.5,38.3,16.9,38.6,60.5,69.4,25.0,34.7,14.5,33.9
UC Irvine Anteaters,18,63.6,64.4,25.3,41.9,11.1,32.7,56.8,54.5,30.3,35.2,12.9,31.3
UC Riverside Highlanders,17,56.0,67.5,32.2,37.8,11.8,32.9,60.8,65.1,29.2,42.9,10.1,31.1
UC San Diego Tritons,17,57.2,69.2,23.6,40.8,19.2,34.1,49.2,64.2,31.5,39.9,19.4,34.0
UC Santa Barbara Gauchos,16,59.4,66.9,23.7,38.0,16.9,42.0,57.2,69.1,28.6,40.5,14.2,37.3
UCF Knights,15,61.2,68.4,23.2,40.2,15.6,39.2,56.4,68.1,26.2,38.9,17.5,32.3
UCLA Bruins,16,53.5,72.4,35.8,42.5,10.7,38.8,50.5,69.6,34.0,37.6,15.5,30.2
UConn Huskies,17,57.3,69.9,27.5,44.4,15.2,34.8,59.3,62.1,26.1,36.2,14.5,25.0
UIC Flames,17,62.7,68.6,25.9,39.7,11.4,29.1,53.8,69.6,26.7,40.4,19.5,31.0
UL Monroe Warhawks,18,56.7,67.1,26.3,38.5,17.0,32.9,52.4,70.1,31.8,40.3,15.8,36.0
UMBC Retrievers,15,55.3,67.0,28.1,37.7,16.5,35.9,58.4,62.9,27.8,33.3,13.8,33.8
UMass Lowell River Hawks,18,67.3,64.2,23.2,39.1,9.6,31.1,57.1,64.9,28.4,37.7,14.5,37.6
UNC Asheville Bulldogs,18,60.0,69.1,25.9,43.9,14.1,33.3,63.2,66.2,20.8,38.6,16.0,31.0
UNC Greensboro Spartans,17,57.7,66.8,24.5,41.8,17.8,34.3,49.6,66.2,28.4,42.2,22.0,33.2
UNC Wilmington Seahawks,18,59.9,66.6,27.7,38.8,12.4,37.6,46.2,64.5,36.8,37.2,17.0,29.7
UNLV Rebels,15,64.3,65.6,24.9,36.5,10.8,27.9,60.7,65.7,27.5,35.4,11.8,37.9
USC Trojans,16,62.6,70.8,26.9,39.2,10.5,29.9,53.7,67.4,31.2,38.9,15.1,30.6
UT Arlington Mavericks,16,63.6,68.7,23.9,40.5,12.5,31.6,58.3,67.2,32.3,34.6,9.4,23.9
UT Martin Skyhawks,16,62.8,65.0,24.8,33.4,12.4,32.7,57.0,64.0,29.7,32.4,13.3,29.0
UT Rio Grande Valley Vaqueros,16,51.8,65.1,31.1,41.0,17.1,38.4,53.2,69.9,33.1,34.7,13.7,32.9
UTEP Miners,16,55.5,67.2,31.6,31.8,13.0,31.4,59.8,67.9,24.8,38.2,15.4,36.4
UTSA Roadrunners,16,52.9,61.1,30.5,33.8,16.7,25.4,53.6,65.5,26.0,39.9,20.5,27.6
Utah St. Aggies,15,61.5,70.0,25.0,42.3,13.5,44.8,54.2,66.0,28.1,32.6,17.7,32.8
Utah Tech Trailblazers,18,55.4,70.5,27.5,38.8,17.1,33.0,61.1,67.2,25.4,36.1,13.5,27.7
Utah Utes,15,58.9,67.2,25.5,41.0,15.6,35.8,60.7,64.3,27.3,42.7,12.0,29.7
Utah Valley Wolverines,17,64.6,71.5,23.6,38.4,11.8,38.5,57.5,66.0,29.8,35.8,12.7,34.6
VCU Rams,17,60.3,67.8,22.1,40.1,17.6,35.9,61.9,63.8,26.7,39.3,11.5,33.6
VMI Keydets,17,48.6,64.1,31.2,35.7,20.2,32.1,52.5,67.5,29.7,34.4,17.8,34.7
Valparaiso Beacons,17,50.5,67.4,37.8,38.8,11.7,28.8,54.4,68.1,34.1,39.5,11.5,30.5
Vanderbilt Commodores,16,53.2,78.0,20.5,42.6,26.3,35.4,55.4,65.7,19.7,40.2,24.9,27.8
Vermont Catamounts,17,51.2,71.9,30.7,38.6,18.1,37.3,51.7,68.9,33.4,38.6,15.0,37.1
Vermont St. - Johnson Badgers,3,43.7,53.2,32.1,20.3,24.2,36.5,58.9,72.3,20.5,46.3,20.5,46.3
Villanova Wildcats,16,52.7,68.6,23.7,41.1,23.5,35.4,54.0,62.0,27.0,39.0,19.1,35.8
Virginia Cavaliers,16,58.7,68.2,24.6,39.9,16.7,38.1,55.2,64.5,32.3,35.4,12.5,31.3
Virginia Tech Hokies,17,55.6,69.4,32.0,39.0,12.5,35.3,50.8,65.4,32.8,37.9,16.4,31.8
Virginia-Lynchburg Dragons,9,46.6,52.4,35.7,22.7,17.8,26.9,61.5,74.4,19.2,41.0,19.3,33.7
Wagner Seahawks,14,59.6,65.2,29.2,39.2,11.2,33.9,58.4,65.7,27.5,37.0,14.1,34.4
Wake Forest Demon Deacons,17,54.8,69.3,26.1,43.2,19.0,32.8,57.4,70.5,23.4,32.2,19.2,32.7
Washington Huskies,15,59.8,67.8,29.3,38.2,10.9,34.6,54.1,64.9,33.4,35.4,12.5,37.6
Washington St. Cougars,18,54.4,71.3,32.7,37.7,12.9,36.9,55.3,69.5,30.0,41.5,14.7,34.0
Weber St. Wildcats,17,64.9,67.2,23.2,35.6,11.9,37.3,58.9,68.3,28.8,33.2,12.3,25.3
West Georgia Wolves,16,56.0,65.1,32.0,36.2,12.1,37.7,61.2,66.4,24.9,35.1,13.9,32.6
West Virginia Mountaineers,16,59.8,64.4,25.8,35.6,14.4,40.2,53.1,63.9,31.0,30.7,15.9,31.5
Western Carolina Catamounts,15,55.6,65.5,30.5,34.9,13.9,31.7,55.9,67.1,29.5,42.8,14.6,36.6
Western Illinois Leathernecks,17,60.9,62.9,25.7,34.7,13.4,30.1,58.6,68.0,25.1,34.4,16.3,41.6
Western Kentucky Hilltoppers,16,59.8,64.3,24.2,34.4,16.0,31.6,48.9,68.0,34.9,38.0,16.2,32.1
Western Michigan Broncos,16,61.1,65.4,25.2,37.7,13.7,32.4,56.1,68.1,28.2,34.3,15.7,31.5
Wichita St. Shockers,17,59.8,64.2,24.6,38.9,15.6,39.2,54.0,63.9,28.9,39.8,17.1,29.7
William & Mary Tribe,17,59.4,71.4,24.1,35.3,16.5,32.9,55.2,66.0,25.4,31.5,19.3,30.8
Winthrop Eagles,19,56.5,70.7,25.0,35.6,18.5,35.5,53.8,66.7,28.5,34.2,17.8,37.8
Wisconsin Badgers,16,53.1,72.8,30.7,34.6,16.2,38.0,54.9,66.3,33.9,38.2,11.2,33.8
Wofford Terriers,17,59.5,65.1,24.5,37.5,16.1,33.9,62.4,67.2,24.4,36.6,13.2,38.2
Wright St. Raiders,18,61.7,68.1,28.4,38.3,10.0,38.7,61.1,65.4,29.0,35.5,9.9,33.3
Wyoming Cowboys,16,61.7,68.4,23.4,37.5,14.9,38.8,63.7,67.3,23.5,37.6,12.8,29.7
Xavier Musketeers,17,49.9,62.8,34.3,39.5,15.8,35.5,55.5,68.5,32.4,38.0,12.1,33.5
Yale Bulldogs,15,59.8,70.1,26.2,42.4,14.0,38.8,50.1,61.9,31.3,37.9,18.6,38.0
Youngstown St. Penguins,18,50.8,70.2,23.8,41.4,25.4,35.4,57.7,66.8,26.7,39.2,15.6,33.7
