Team,Games,Record,WinPct,RawOffEff,RawDefEff,RawNetEff,AvgTempo,OffEffStd,DefEffStd,AvgPointsFor,AvgPointsAgainst,AvgMargin,RawRank
Iowa State Cyclones,16,16-0,1.0,108.93202581182395,78.17908529928717,30.75294051253678,80.50951086956522,12.308079595257414,7.65806154136802,88.0,62.9375,25.0625,1.0
Michigan Wolverines,15,14-1,0.9333333333333333,110.73983390869927,80.25275868389332,30.48707522480595,85.20289855072464,11.961909018573884,11.56528712272333,94.6,68.46666666666667,26.133333333333333,2.0
Gonzaga Bulldogs,18,17-1,0.9444444444444444,107.93055362147197,79.69907600815768,28.23147761331429,84.81884057971014,14.388012247761722,15.647266807809713,91.44444444444444,67.88888888888889,23.555555555555557,3.0
Arizona Wildcats,16,16-0,1.0,108.0956526014694,80.61268073186395,27.48297186960545,84.17798913043478,7.0727134651501995,7.803100280606238,91.125,68.0,23.125,4.0
Georgia Bulldogs,16,14-2,0.875,112.29391530501825,86.19219580609287,26.101719498925377,86.01902173913044,16.01063991304284,16.369888527499334,96.4375,74.875,21.5625,5.0
Saint Louis Billikens,15,14-1,0.9333333333333333,106.87322038610176,82.01566850278714,24.857551883314635,85.18115942028986,10.74703016080174,9.59815787087802,91.4,69.73333333333333,21.666666666666668,6.0
Duke Blue Devils,16,15-1,0.9375,105.04178516039937,80.6387703951562,24.403014765243167,82.49999999999999,11.932919537881016,11.826564474283032,86.75,66.5625,20.1875,7.0
Iowa Hawkeyes,15,12-3,0.8,104.33113189968957,80.24664587808822,24.084486021601332,76.1304347826087,12.94339531840633,12.701567422373104,79.8,60.8,19.0,8.0
Vanderbilt Commodores,16,16-0,1.0,107.00452684242669,82.92602871312886,24.07849812929782,86.80706521739131,8.682202777344095,9.959375109642272,93.0,72.0625,20.9375,9.0
Houston Cougars,16,15-1,0.9375,104.482572629784,80.44798292577156,24.03458970401244,74.13722826086956,10.758083481935891,11.387141431657934,77.25,60.0,17.25,10.0
Illinois Fighting Illini,15,12-3,0.8,104.92741057536992,81.48740423944491,23.440006335925027,82.55072463768117,12.967091937871764,12.349622638466496,86.73333333333333,67.33333333333333,19.4,11.0
BYU Cougars,16,15-1,0.9375,105.50250359076713,82.17805196478841,23.32445162597872,83.49184782608695,10.133645155216337,9.848519876932794,88.25,68.6875,19.5625,12.0
Virginia Cavaliers,16,14-2,0.875,104.53789973067649,81.6009891582124,22.936910572464097,81.4945652173913,8.850477762329724,10.364279761809653,85.0625,66.8125,18.25,13.0
Louisville Cardinals,16,12-4,0.75,105.4550430364798,82.71162363018686,22.743419406292944,83.79755434782608,15.143054826906207,15.239883720789429,88.3125,69.625,18.6875,14.0
Miami Hurricanes,16,14-2,0.875,104.84896745737343,82.55381032040434,22.295157136969095,83.86548913043478,12.172673423723493,11.71587599267395,88.1875,69.1875,19.0,15.0
Purdue Boilermakers,16,15-1,0.9375,104.11845521275333,81.93710034280222,22.18135486995112,82.96195652173913,10.307159760661682,10.469227622006875,86.4375,68.0625,18.375,16.0
UConn Huskies,17,16-1,0.9411764705882353,104.10793786906214,82.49336932048033,21.614568548581815,76.54092071611252,9.099078935454832,11.322415094409134,79.88235294117646,63.294117647058826,16.58823529411765,17.0
Utah State Aggies,14,13-1,0.9285714285714286,103.04526091471186,82.04997718052623,20.995283734185616,82.77173913043478,9.545030617769742,9.525915827894162,85.35714285714286,67.92857142857143,17.428571428571427,18.0
High Point Panthers,16,13-3,0.8125,102.77476183944864,82.4335714938847,20.341190345563938,85.85597826086956,11.675339863368857,12.201844311962098,87.875,71.1875,16.6875,19.0
Indiana Hoosiers,16,12-4,0.75,103.35054389582358,83.46890054862087,19.881643347202704,81.50135869565217,12.65346461873353,10.745134893844117,84.5,68.0,16.5,20.0
Nebraska Cornhuskers,16,16-0,1.0,103.15174178841895,83.88992487824774,19.261816910171206,78.74320652173913,8.151781212377047,10.466041486214694,81.1875,66.4375,14.75,21.0
Michigan State Spartans,16,14-2,0.875,102.83204738606358,84.32073039171422,18.511316994349365,76.37907608695652,9.779975797536727,9.714842577376743,78.875,64.5,14.375,22.0
Tennessee Volunteers,16,11-5,0.6875,101.16449997316458,82.83550002683542,18.328999946329148,81.31793478260869,13.140070485370263,13.140070485370263,82.375,67.25,15.125,23.0
North Carolina Tar Heels,16,14-2,0.875,101.79007881008604,83.58492118991396,18.205157620172088,80.16983695652173,10.470189430512752,12.311986996947292,81.6875,67.0625,14.625,24.0
NC State Wolfpack,17,12-5,0.7058823529411765,103.92835157354637,85.75792293625759,18.170428637288772,82.96035805626597,14.437458486710547,12.340118417087904,86.52941176470588,71.23529411764706,15.294117647058824,25.0
Texas A&M Aggies,16,13-3,0.8125,106.55098762460959,88.42123459761262,18.12975302699696,87.63586956521739,17.181984283479547,10.304743304476405,93.6875,77.4375,16.25,26.0
West Virginia Mountaineers,16,11-5,0.6875,101.35720541424422,83.43446125242247,17.922744161821754,74.13722826086956,12.559000325421902,13.183380542013305,74.8125,62.3125,12.5,27.0
Hawai'i Rainbow Warriors,13,10-3,0.7692307692307693,101.28868483857715,83.42926387937158,17.859420959205565,76.40468227424748,11.583284664292238,11.206873273023453,77.46153846153847,63.76923076923077,13.692307692307692,28.0
Kentucky Wildcats,16,10-6,0.625,102.12767682351259,84.7612120653763,17.36646475813629,81.77309782608697,15.717490274512965,16.638817156778416,83.625,69.4375,14.1875,29.0
Florida Gators,16,11-5,0.6875,101.341490635009,84.25573158721325,17.085759047795747,84.06929347826087,9.530786104101079,10.57651408573241,85.1875,70.9375,14.25,30.0
Saint Mary's Gaels,17,15-2,0.8823529411764706,100.67350922251215,83.92779796703034,16.74571125548181,78.60613810741688,8.727261996639848,9.114134874982195,78.88235294117646,66.29411764705883,12.588235294117647,31.0
Clemson Tigers,17,14-3,0.8235294117647058,101.18503680858853,85.02411351820885,16.16092329037971,76.8925831202046,10.704374095177924,12.268910396102147,77.82352941176471,65.6470588235294,12.176470588235293,32.0
St. John's Red Storm,16,11-5,0.6875,102.33158901022512,86.779522100886,15.552066909339118,83.53940217391303,11.22343175283853,12.561122229912051,85.625,72.6875,12.9375,33.0
TCU Horned Frogs,16,11-5,0.6875,101.82557602956352,86.31331285932536,15.512263170238153,78.81793478260869,11.819030366225654,12.684538930857075,80.375,68.375,12.0,34.0
Seton Hall Pirates,16,14-2,0.875,99.62475819056951,84.37524180943049,15.249516381139014,74.18478260869566,6.969377657111616,6.969377657111615,73.8125,62.6875,11.125,35.0
LSU Tigers,16,12-4,0.75,102.04030292594483,86.89025262961073,15.1500502963341,83.5258152173913,12.524340168211646,11.09230348311329,85.625,72.5,13.125,36.0
George Mason Patriots,16,15-1,0.9375,100.73162110038692,85.71282334405754,15.018797756329374,77.74456521739131,6.952079670428442,7.475733943405586,78.1875,67.0625,11.125,37.0
George Washington Revolutionaries,16,11-5,0.6875,103.7541901038325,88.75969878505639,14.994491318776115,83.5733695652174,10.608090368179068,12.716441786973709,86.9375,74.5,12.4375,38.0
Ohio State Buckeyes,15,11-4,0.7333333333333333,102.34587907641921,87.43189870135858,14.91398037506062,81.44927536231883,12.875405754229503,12.107914584572494,83.73333333333333,71.33333333333333,12.4,39.0
New Mexico Lobos,15,12-3,0.8,100.04712254077054,85.27139597774797,14.775726563022566,79.21014492753623,9.810772078557948,10.070283438174627,79.26666666666667,67.66666666666667,11.6,40.0
Miami (OH) RedHawks,14,14-0,1.0,101.26690298472444,86.79658907876765,14.470313905956795,84.96894409937889,7.6227788623866735,5.737666670183438,86.14285714285714,73.85714285714286,12.285714285714286,41.0
Tulsa Golden Hurricane,14,11-3,0.7857142857142857,101.90837608229927,87.44083026690707,14.467545815392173,83.6413043478261,12.716229644830726,11.044796190566553,85.21428571428571,73.5,11.714285714285714,42.0
Arkansas Razorbacks,16,12-4,0.75,103.16583697290505,88.7508296937616,14.415007279143463,86.48097826086956,13.484955814562037,10.946877908393633,89.375,76.875,12.5,43.0
Belmont Bruins,17,14-3,0.8235294117647058,99.49404991873261,85.13340106165954,14.360648857073082,83.16496163682864,7.203784853777364,7.323167071109877,82.6470588235294,70.94117647058823,11.705882352941176,44.0
Akron Zips,14,10-4,0.7142857142857143,104.19066466143599,89.87282740205606,14.317837259379903,86.92546583850933,8.752769163405716,15.14433590198156,90.71428571428571,78.28571428571429,12.428571428571429,45.0
Illinois State Redbirds,16,11-5,0.6875,99.00319745420376,85.09402476801846,13.909172686185297,78.28125,12.086412088852159,12.09364710054949,77.25,66.875,10.375,46.0
Stephen F. Austin Lumberjacks,14,11-3,0.7857142857142857,99.09417717125412,85.41375933668243,13.680417834571681,76.14906832298138,6.72070214116302,6.363599395256846,75.57142857142857,65.0,10.571428571428571,47.0
UCF Knights,14,12-2,0.8571428571428571,101.9819897628993,88.4148356339261,13.567154128973243,85.3027950310559,8.498776692247853,11.749744463701944,86.92857142857143,75.78571428571429,11.142857142857142,48.0
SMU Mustangs,16,12-4,0.75,101.93766727606501,88.40955494615721,13.52811232990781,87.21467391304347,11.902011818238945,10.544695492911359,89.125,77.0625,12.0625,49.0
VCU Rams,17,11-6,0.6470588235294118,100.72146159354327,87.2262508247574,13.495210768785872,84.64194373401536,11.162225485834409,9.26277253658162,85.29411764705883,74.0,11.294117647058824,50.0
Santa Clara Broncos,18,13-5,0.7222222222222222,100.15264053036884,86.76093971654474,13.391700813824125,83.23671497584542,10.59450228631498,10.375912528480228,83.27777777777777,72.5,10.777777777777779,51.0
Oklahoma Sooners,16,11-5,0.6875,99.9805077424808,86.8806033686303,13.099904373850492,84.09646739130434,12.21876532181864,14.154113246938412,84.4375,72.875,11.5625,52.0
Kansas Jayhawks,16,11-5,0.6875,99.84083428833938,86.82583237832728,13.01500191001209,77.83967391304347,11.936083470825192,12.916987388367001,77.5,68.125,9.375,53.0
Syracuse Orange,16,11-5,0.6875,98.7692087722519,85.81412456108143,12.955084211170476,76.03940217391305,12.676413180929783,12.775818103865994,74.75,65.6875,9.0625,54.0
Villanova Wildcats,16,13-3,0.8125,98.48508419145645,85.68158247521023,12.803501716246222,79.16440217391305,8.9468835481913,8.85281232286293,78.0,67.8125,10.1875,55.0
UCLA Bruins,16,11-5,0.6875,99.44448842638882,86.69440046250007,12.750087963888742,79.35461956521739,11.90057336703106,10.8811754346355,78.875,69.0625,9.8125,56.0
Murray State Racers,18,15-3,0.8333333333333334,102.5042082776932,89.75505098156606,12.749157296127155,85.63405797101449,10.42150781089207,12.543557436271133,87.94444444444444,77.05555555555556,10.88888888888889,57.0
UNC Wilmington Seahawks,16,14-2,0.875,98.35342039312465,85.64657960687535,12.706840786249302,76.49456521739131,6.497527168276878,6.497527168276879,75.1875,65.5625,9.625,58.0
Texas Longhorns,15,9-6,0.6,101.61163540133906,88.95132756162388,12.660307839715168,84.03623188405798,12.768368356334744,15.54792074774599,85.66666666666667,74.86666666666666,10.8,59.0
East Tennessee State Buccaneers,15,10-5,0.6666666666666666,98.28957964719669,85.71042035280333,12.579159294393326,78.69565217391303,10.979676743137137,10.979676743137135,77.26666666666667,67.53333333333333,9.733333333333333,60.0
South Carolina Gamecocks,16,10-6,0.625,98.35314230499267,85.88296880611844,12.470173498874223,80.89673913043478,9.132254355413753,9.347631361656187,79.5,69.5625,9.9375,61.0
Alabama Crimson Tide,16,11-5,0.6875,105.1106039525917,92.6532849362972,12.457319016294493,89.02173913043478,11.817064807738516,12.508430958471683,93.5,82.6875,10.8125,62.0
Wyoming Cowboys,15,10-5,0.6666666666666666,99.7306931772137,87.57301052649001,12.157682650723673,82.91304347826086,11.821877453871494,11.321232806043925,83.0,72.53333333333333,10.466666666666667,63.0
Texas Tech Red Raiders,16,12-4,0.75,100.34092395206903,88.24240938126432,12.098514570804701,82.67663043478261,12.033784588545457,11.942651784568127,83.0625,73.1875,9.875,64.0
Marist Red Foxes,14,9-5,0.6428571428571429,97.95861210566538,86.04138789433463,11.91722421133077,72.59316770186335,11.123126108049414,11.123126108049417,70.92857142857143,62.642857142857146,8.285714285714286,65.0
California Golden Bears,16,12-4,0.75,98.79921454763277,87.24245211903391,11.556762428598866,79.94565217391305,10.977567813312154,12.366661423164533,79.0,69.9375,9.0625,66.0
Northwestern Wildcats,15,8-7,0.5333333333333333,98.04882877479125,86.78080085483838,11.268027919952873,81.22463768115942,11.981375661519314,11.151817715235222,79.4,70.8,8.6,67.0
Missouri Tigers,16,12-4,0.75,98.28458894410801,87.11818883366976,11.16640011043825,82.66983695652173,13.845158291915983,12.91383063334778,81.6875,71.6875,10.0,68.0
Richmond Spiders,15,11-4,0.7333333333333333,99.23268666442328,88.24879481705817,10.98389184736513,84.02173913043478,7.617857237147594,9.788317990963705,83.4,74.33333333333333,9.066666666666666,69.0
Baylor Bears,14,9-5,0.6428571428571429,100.93113365384549,89.9577552350434,10.973378418802096,84.16925465838509,15.228989641317307,12.559375803135017,85.78571428571429,75.28571428571429,10.5,70.0
Dayton Flyers,16,12-4,0.75,97.69374755785519,86.84791910881148,10.845828449043708,79.7961956521739,9.151724604918725,9.144246810024997,77.9375,69.375,8.5625,71.0
Washington Huskies,15,9-6,0.6,98.77333315174552,88.13037055195818,10.642962599787344,82.71014492753623,11.465858769594305,11.305861596333012,81.73333333333333,73.06666666666666,8.666666666666666,72.0
Grand Canyon Lopes,15,10-5,0.6666666666666666,97.53698598311954,87.11486586873232,10.422120114387186,77.36231884057972,9.681913554596985,10.07007438729392,75.53333333333333,67.4,8.133333333333333,73.0
Cincinnati Bearcats,15,8-7,0.5333333333333333,97.18659127925518,86.81340872074483,10.37318255851033,75.54347826086956,11.053775652308293,11.053775652308287,73.66666666666667,65.33333333333333,8.333333333333334,74.0
Virginia Tech Hokies,17,13-4,0.7647058823529411,99.27379389613822,88.94842832608401,10.325365570054206,82.74936061381074,10.44646554860514,10.791314381855965,82.29411764705883,73.76470588235294,8.529411764705882,75.0
Oklahoma State Cowboys,16,13-3,0.8125,100.89654089832004,90.57568132390219,10.32085957441786,88.15896739130436,8.836893968091559,10.221714904788957,89.0,79.9375,9.0625,76.0
Bowling Green Falcons,14,8-6,0.5714285714285714,100.35633971619225,90.11985075999823,10.236488956194039,79.98447204968944,10.548372243711725,14.161668104471461,80.0,73.0,7.0,77.0
Utah Valley Wolverines,15,11-4,0.7333333333333333,98.00276287921814,87.8639037874485,10.138859091769598,80.93478260869566,10.102349055898141,11.819038538952425,79.06666666666666,71.53333333333333,7.533333333333333,78.0
McNeese Cowboys,14,11-3,0.7857142857142857,98.32859013512486,88.22696542043072,10.101624714694108,79.02950310559005,10.20971438750338,13.583738549700838,77.78571428571429,69.92857142857143,7.857142857142857,79.0
Butler Bulldogs,16,10-6,0.625,100.39075196064648,90.45647026157575,9.934281699070738,83.33559782608695,14.88938351056943,14.64124372112575,84.0625,75.4375,8.625,80.0
Northern Iowa Panthers,16,11-5,0.6875,96.94962917524222,87.05037082475778,9.89925835048444,70.04076086956522,7.7851777937962225,7.78517779379622,67.75,61.125,6.625,81.0
Minnesota Golden Gophers,16,10-6,0.625,96.94754828282254,87.05245171717748,9.895096565645048,75.5774456521739,13.423769608220056,13.423769608220052,73.0,66.0625,6.9375,82.0
Wichita State Shockers,15,8-7,0.5333333333333333,98.46532036834806,88.73467963165196,9.7306407366961,77.85507246376814,9.652451491889668,11.334551243352387,77.13333333333334,69.0,8.133333333333333,83.0
Auburn Tigers,16,10-6,0.625,100.39643343468641,90.77023323198026,9.626200202706158,87.01766304347827,14.498185320809569,15.383117282768614,87.5,79.0625,8.4375,84.0
Wisconsin Badgers,16,11-5,0.6875,98.36984746892026,88.89404141996863,9.475806048951632,84.3070652173913,13.272495538408366,12.524084190163727,83.0625,75.0,8.0625,85.0
South Florida Bulls,15,9-6,0.6,104.23941997467425,94.88650595125168,9.352914023422564,85.78985507246377,11.678045319187264,16.800496546458252,89.73333333333333,81.73333333333333,8.0,86.0
Colorado Buffaloes,16,12-4,0.75,99.84203842755196,90.57462823911472,9.26741018843725,85.48233695652173,7.476566070491329,8.736900457908215,85.5,77.5625,7.9375,87.0
Navy Midshipmen,15,10-5,0.6666666666666666,96.46956412162031,87.53043587837969,8.939128243240619,75.14492753623189,12.965279375858104,12.965279375858112,72.13333333333334,66.13333333333334,6.0,88.0
UAB Blazers,15,9-6,0.6,98.7922966919794,90.18548108579837,8.606815606181014,82.20289855072464,13.000791808229186,13.269801255905795,81.33333333333333,74.4,6.933333333333334,89.0
Yale Bulldogs,13,10-3,0.7692307692307693,98.33258828376053,89.87253992136769,8.460048362392815,82.76755852842808,9.518408038065795,12.09208423709884,81.46153846153847,74.61538461538461,6.846153846153846,90.0
Rhode Island Rams,17,10-7,0.5882352941176471,96.17571460270128,87.82428539729874,8.35142920540253,75.03196930946291,10.266107598408652,10.266107598408652,72.11764705882354,65.94117647058823,6.176470588235294,91.0
UC San Diego Tritons,15,11-4,0.7333333333333333,96.04992882752109,88.05377487618263,7.996153951338457,81.47101449275361,6.31348361319035,6.236720695391127,78.26666666666667,71.73333333333333,6.533333333333333,92.0
San Diego State Aztecs,14,10-4,0.7142857142857143,100.63594060927498,92.77675780342342,7.859182805851598,78.8198757763975,15.666327869990006,17.401758955667816,79.71428571428571,73.78571428571429,5.928571428571429,93.0
Buffalo Bulls,14,11-3,0.7857142857142857,96.84735466347097,89.04153422541792,7.805820438053026,81.68478260869564,5.777076360572364,6.921314166601391,79.0,73.0,6.0,94.0
Ole Miss Rebels,16,9-7,0.5625,96.34811106853316,88.72133337591129,7.626777692621858,78.14538043478261,10.181610801913624,11.010803900702694,75.1875,69.5625,5.625,95.0
Notre Dame Fighting Irish,16,10-6,0.625,95.90170543109521,88.36218345779369,7.539521973301525,76.26358695652173,8.858312603120497,8.48621271840788,73.5,67.3125,6.1875,96.0
Wake Forest Demon Deacons,17,10-7,0.5882352941176471,97.2240562835043,89.8478391413323,7.376217142171993,83.91943734015344,13.71006451521622,10.556475279746838,81.76470588235294,75.41176470588235,6.352941176470588,97.0
Kansas State Wildcats,16,9-7,0.5625,98.89123338956259,91.7476554993263,7.143577890236299,87.20788043478261,13.675632560029245,13.462834045640813,86.4375,80.0,6.4375,98.0
Bradley Braves,17,11-6,0.6470588235294118,96.89125231174484,89.84077383204601,7.050478479698848,80.1854219948849,11.40089166234644,11.045584861175957,77.76470588235294,72.23529411764706,5.529411764705882,99.0
North Dakota State Bison,16,11-5,0.6875,96.99922332038294,90.00077667961708,6.998446640765872,80.90353260869566,8.111613437776546,7.852281349423211,78.5625,73.0,5.5625,100.0
Nevada Wolf Pack,16,12-4,0.75,96.36953746305454,89.4499069813899,6.919630481664643,80.0883152173913,7.118239544061123,8.69320389856813,77.0625,71.9375,5.125,101.0
Liberty Flames,13,10-3,0.7692307692307693,96.51424225113942,89.65669791980075,6.857544331338678,79.41471571906354,12.943092358557232,13.25941408826643,77.0,71.07692307692308,5.923076923076923,102.0
Stanford Cardinal,17,13-4,0.7647058823529411,95.37622263589319,88.53227409613297,6.843948539760219,80.12787723785166,7.75828980314795,6.783995162444197,76.94117647058823,70.6470588235294,6.294117647058823,103.0
Hofstra Pride,15,11-4,0.7333333333333333,95.3515355236189,88.6484644763811,6.703071047237823,78.6231884057971,5.2035935144552115,5.203593514455207,74.86666666666666,69.8,5.066666666666666,104.0
St. Thomas-Minnesota Tommies,15,11-4,0.7333333333333333,96.84661095298951,90.16079645441792,6.685814498571611,83.34782608695652,9.349325851210516,8.825807207551334,80.8,75.26666666666667,5.533333333333333,105.0
Creighton Bluejays,17,10-7,0.5882352941176471,95.86619427248333,89.25798873405265,6.608205538430694,80.33248081841433,13.152870191124604,12.863087883252122,77.17647058823529,71.6470588235294,5.529411764705882,106.0
Colorado State Rams,15,10-5,0.6666666666666666,96.14208621749752,89.576432301021,6.565653916476545,80.9710144927536,11.192245014634548,10.652484145282646,77.93333333333334,72.6,5.333333333333333,107.0
Siena Saints,16,10-6,0.625,95.16031148195125,88.83968851804877,6.320622963902474,73.06385869565217,8.956577557287305,8.956577557287307,69.3125,65.125,4.1875,108.0
San Francisco Dons,18,11-7,0.6111111111111112,95.15004504692907,88.87464631109562,6.275398735833456,78.21859903381642,7.625796641495845,7.64034910475277,74.44444444444444,69.5,4.944444444444445,109.0
Florida Atlantic Owls,14,8-6,0.5714285714285714,96.65037150572495,90.38137452602108,6.268996979703905,82.9503105590062,12.18194636073003,7.747058937709682,80.42857142857143,74.92857142857143,5.5,110.0
USC Trojans,15,12-3,0.8,98.41412722030618,92.22290981673086,6.191217403575299,84.0,14.585887504169554,12.355062323888706,83.13333333333334,77.4,5.733333333333333,111.0
Fordham Rams,14,7-7,0.5,95.01707449538834,88.98292550461164,6.034148990776699,73.40838509316768,9.641691980105893,9.641691980105895,69.64285714285714,65.42857142857143,4.214285714285714,112.0
Columbia Lions,14,10-4,0.7142857142857143,97.36938872402949,91.48775413311338,5.881634590916127,79.9611801242236,13.672037293316542,12.13048912671373,78.42857142857143,73.07142857142857,5.357142857142857,113.0
Georgia Tech Yellow Jackets,17,10-7,0.5882352941176471,95.8993549371572,90.07450127199313,5.824853665164076,79.50127877237851,8.74812752277081,9.360513046439191,76.0,72.05882352941177,3.9411764705882355,114.0
Temple Owls,15,10-5,0.6666666666666666,94.85379192921057,89.24991177449311,5.6038801547174755,79.76811594202898,8.689859227194615,8.831090453100083,75.66666666666667,71.2,4.466666666666667,115.0
DePaul Blue Demons,17,10-7,0.5882352941176471,94.61780274136657,89.66977895797983,4.948023783386748,76.7774936061381,12.466402971211739,12.252876223151917,72.88235294117646,68.6470588235294,4.235294117647059,116.0
Providence Friars,16,8-8,0.5,102.0234232626135,97.08768784849761,4.9357354141159036,87.2078804347826,10.397002786596072,16.171918650218892,89.125,84.9375,4.1875,117.0
Pittsburgh Panthers,16,7-9,0.4375,94.39899448983476,89.62878328794301,4.77021120189176,77.56793478260869,12.86925995462006,12.823506499502042,73.1875,69.5625,3.625,118.0
St. Bonaventure Bonnies,15,10-5,0.6666666666666666,95.17267852411973,90.42732147588026,4.745357048239502,82.44202898550724,5.462980718837168,6.262078251874786,78.33333333333333,74.8,3.533333333333333,119.0
Massachusetts Minutemen,16,9-7,0.5625,97.0556398114403,92.47213796633747,4.583501845102827,82.04483695652175,8.737753303657248,8.724377255120327,79.875,76.0625,3.8125,120.0
Mississippi State Bulldogs,16,10-6,0.625,96.35671461838841,91.80995204827826,4.54676257011014,83.18614130434781,9.817424305144065,11.748265931515146,80.0,76.8125,3.1875,121.0
Wright State Raiders,15,8-7,0.5333333333333333,94.28227987240527,89.74734975722437,4.534930115180893,81.65217391304348,9.189289820907335,9.193283782785146,76.86666666666666,73.4,3.466666666666667,122.0
UT Martin Skyhawks,14,10-4,0.7142857142857143,94.22993823135656,89.88117287975456,4.348765351602019,76.26552795031056,9.308299252521698,9.300539378330106,71.78571428571429,68.64285714285714,3.142857142857143,123.0
Pacific Tigers,17,10-7,0.5882352941176471,94.97549212986644,90.64542290281331,4.330069227053139,77.62787723785165,11.443148931532372,11.31378647261476,73.76470588235294,70.52941176470588,3.235294117647059,124.0
UC Irvine Anteaters,16,10-6,0.625,94.1010343326839,89.8989656673161,4.202068665367799,76.01902173913044,8.33761238606109,8.337612386061094,71.75,68.125,3.625,125.0
Oregon Ducks,16,8-8,0.5,95.01089529768066,90.83632692454157,4.174568373139107,80.58423913043478,9.111026413733923,10.635449748513333,76.6875,73.25,3.4375,126.0
Elon Phoenix,15,9-6,0.6,98.21752202931037,94.09358908180072,4.123932947509668,85.46376811594203,9.376301487094036,11.174388013739366,83.73333333333333,81.0,2.7333333333333334,127.0
California Baptist Lancers,18,12-6,0.6666666666666666,94.4738707156565,90.50143792631881,3.972432789337688,77.33091787439614,8.06770426032443,8.471181085694225,73.05555555555556,70.11111111111111,2.9444444444444446,128.0
Winthrop Eagles,16,8-8,0.5,96.89211823282959,92.92732621161485,3.964792021214734,84.4836956521739,10.934999588993353,10.207926149710952,82.0,78.6875,3.3125,129.0
Seattle U Redhawks,16,10-6,0.625,94.00806295202338,90.22804815908773,3.780014792935643,77.90760869565217,7.031736921450545,7.42660955646717,73.25,70.3125,2.9375,130.0
Duquesne Dukes,14,7-7,0.5,96.29026926596269,92.61449263879923,3.675776627163443,87.54658385093168,9.36087462698178,11.006983020194113,84.35714285714286,81.14285714285714,3.2142857142857144,131.0
William & Mary Tribe,15,9-6,0.6,95.48635703741034,91.81734666629335,3.6690103711169977,83.42028985507245,9.824979462983174,11.007960833919842,79.66666666666667,76.8,2.8666666666666667,132.0
Northern Kentucky Norse,15,10-5,0.6666666666666666,94.78029453148594,91.23452028332888,3.5457742481570858,84.23188405797102,10.227761647651816,8.992673688439837,80.0,76.8,3.2,133.0
Penn State Nittany Lions,16,9-7,0.5625,95.41930069840254,91.99736596826415,3.4219347301383913,81.75271739130434,13.115349590899246,15.659635584800371,78.125,75.375,2.75,134.0
Austin Peay Governors,13,8-5,0.6153846153846154,95.11787886291803,91.77101002597087,3.3468688369471717,78.31103678929767,9.338017666543458,8.805055417057918,74.6923076923077,72.0,2.6923076923076925,135.0
New Mexico State Aggies,12,6-6,0.5,93.90692708450153,90.59307291549847,3.313854169003084,78.65036231884058,7.367773787683158,7.767500991203767,73.58333333333333,71.58333333333333,2.0,136.0
Georgetown Hoyas,16,9-7,0.5625,94.31128283513128,91.02205049820206,3.2892323369292162,81.48097826086956,7.971462275169419,8.631934659837459,77.125,74.0,3.125,137.0
Quinnipiac Bobcats,15,10-5,0.6666666666666666,95.23961236695855,92.00483207748591,3.234780289472651,79.75362318840578,9.580961953846623,13.371204264342923,75.66666666666667,74.0,1.6666666666666667,138.0
Arizona State Sun Devils,16,10-6,0.625,96.2206244780495,93.01548663306161,3.205137844987912,84.15760869565217,8.70923057128568,11.02517368062392,80.75,78.8125,1.9375,139.0
Troy Trojans,15,9-6,0.6,100.21114365688,97.1814489357126,3.029694721167429,82.00000000000001,11.251191694496717,11.92612013375501,82.6,80.33333333333333,2.2666666666666666,140.0
Kent State Golden Flashes,14,10-4,0.7142857142857143,99.87483134249604,96.99818453051982,2.876646811976203,86.83229813664596,12.739717312778753,11.682553628422031,86.85714285714286,84.5,2.357142857142857,141.0
South Alabama Jaguars,15,10-5,0.6666666666666666,94.0817468003175,91.57751245894178,2.5042343413757284,75.92753623188405,8.091784914815243,7.8757679436468875,71.6,69.6,2.0,142.0
Charleston Southern Buccaneers,16,8-8,0.5,96.32128744802128,93.81760144086762,2.5036860071536675,83.30842391304347,14.286134518712467,10.266133457747097,80.375,78.4375,1.9375,143.0
Furman Paladins,14,9-5,0.6428571428571429,94.20254339449062,91.79745660550938,2.4050867889812357,79.34006211180125,8.732621735837206,8.199502531920393,74.78571428571429,73.0,1.7857142857142858,144.0
UT Arlington Mavericks,14,9-5,0.6428571428571429,93.17323248619616,90.82676751380384,2.3464649723922713,73.6413043478261,8.595772517126923,8.595772517126926,68.42857142857143,67.07142857142857,1.3571428571428572,145.0
Florida State Seminoles,16,7-9,0.4375,96.57586733499181,94.2852437761193,2.29062355887252,85.91032608695653,16.513520306399478,18.910538648927464,82.9375,81.3125,1.625,146.0
Portland State Vikings,11,6-5,0.5454545454545454,95.29387830838799,93.11016209565241,2.1837162127355687,81.6403162055336,8.302845447159308,6.925357668661495,78.18181818181819,76.0,2.1818181818181817,147.0
Memphis Tigers,14,7-7,0.5,93.37540136405046,91.48174149309239,1.8936598709580619,79.66614906832298,7.187744360178515,8.663953160465375,74.14285714285714,73.21428571428571,0.9285714285714286,148.0
Boston College Eagles,16,7-9,0.4375,93.52898313016837,91.67935020316497,1.8496329270033804,73.79755434782608,8.417323457922983,8.805203110646254,69.0,67.875,1.125,149.0
Harvard Crimson,15,7-8,0.4666666666666667,92.91808386159323,91.08191613840677,1.8361677231864462,75.68840579710145,10.656996223264155,10.656996223264148,70.13333333333334,69.13333333333334,1.0,150.0
Loyola Marymount Lions,18,10-8,0.5555555555555556,93.2090097296939,91.42061989993573,1.7883898297581713,78.85869565217392,11.403268598312465,12.316313292367921,73.5,72.16666666666667,1.3333333333333333,151.0
Weber State Wildcats,15,7-8,0.4666666666666667,94.97627365133509,93.2163189412575,1.7599547100776078,83.63768115942027,8.802612179645312,8.913374606502046,79.46666666666667,78.2,1.2666666666666666,152.0
Boise State Broncos,14,8-6,0.5714285714285714,95.40436733166243,93.65912473182962,1.7452425998328027,77.49223602484471,12.02953360525882,11.857834461743114,74.21428571428571,72.92857142857143,1.2857142857142858,153.0
Marshall Thundering Herd,16,10-6,0.625,94.4298539536695,92.6951460463305,1.7347079073389766,82.54076086956522,7.8569040571108415,9.26823242746398,78.0,76.6875,1.3125,154.0
Charleston Cougars,16,10-6,0.625,93.21699650604253,91.51911460506858,1.697881900973945,81.94293478260869,7.791568768422759,8.652441323429443,76.25,75.1875,1.0625,155.0
Davidson Wildcats,15,9-6,0.6,93.51183852428368,91.88075406830892,1.6310844559747693,75.58695652173911,12.802183984033482,12.858535764591858,70.66666666666667,69.66666666666667,1.0,156.0
Tulane Green Wave,15,11-4,0.7333333333333333,93.64784178158013,92.04104710730876,1.6067946742713655,78.77536231884058,9.886033236885547,10.297475990636796,73.53333333333333,72.93333333333334,0.6,157.0
Arkansas State Red Wolves,15,10-5,0.6666666666666666,94.01295378854492,92.43149065589952,1.5814631326453792,86.12318840579711,8.869151799171972,8.823144144786497,80.93333333333334,79.73333333333333,1.2,158.0
Northern Colorado Bears,14,8-6,0.5714285714285714,95.42557120943586,93.87601609215143,1.5495551172844142,85.6444099378882,6.828453282311719,8.295067220793504,81.64285714285714,80.71428571428571,0.9285714285714286,159.0
Southern Illinois Salukis,16,7-9,0.4375,94.12863996332578,92.7880267033409,1.3406132599848855,81.01222826086956,9.05376173640656,8.69708806298365,76.375,75.3125,1.0625,160.0
Xavier Musketeers,17,10-7,0.5882352941176471,93.34835802407461,92.10262236808225,1.2457356559923525,82.1547314578005,11.772477799981983,10.584872246048509,76.76470588235294,75.70588235294117,1.0588235294117647,161.0
Kennesaw State Owls,13,7-6,0.5384615384615384,96.8451975464888,95.68471698342572,1.1604805630630597,85.8361204013378,8.54467920007135,11.910617728167061,83.53846153846153,82.07692307692308,1.4615384615384615,162.0
Charlotte 49ers,15,7-8,0.4666666666666667,94.00356337993964,93.0186588422826,0.9849045376570085,78.01449275362319,10.193873788232915,9.495949693030747,73.66666666666667,72.6,1.0666666666666667,163.0
Vermont Catamounts,15,8-7,0.5333333333333333,93.43769058259066,92.47342052852045,0.9642700540701981,79.42753623188405,7.438021162583107,7.779854097109414,74.26666666666667,73.6,0.6666666666666666,164.0
Western Kentucky Hilltoppers,14,8-6,0.5714285714285714,94.92259774917723,93.96629113971167,0.9563066094655243,82.31366459627328,9.008865587186689,7.4804515702559735,78.35714285714286,77.5,0.8571428571428571,165.0
Southern Miss Golden Eagles,16,9-7,0.5625,93.24555301866312,92.33778031467023,0.9077727039928938,80.03396739130434,7.906945818449747,8.0504733435619,74.5,74.1875,0.3125,166.0
Sam Houston Bearkats,13,6-7,0.46153846153846156,94.45333460119838,93.58085343298966,0.8724811682087636,85.1086956521739,6.499326556631556,10.395709328436023,80.3076923076923,79.92307692307692,0.38461538461538464,167.0
Georgia Southern Eagles,16,10-6,0.625,96.24546869026501,95.6156424208461,0.6298262694189205,84.70788043478261,8.936183571444715,8.35434156233285,81.75,81.1875,0.5625,168.0
Mercer Bears,14,7-7,0.5,95.23811712143912,94.63489875157678,0.6032183698623511,83.42391304347825,12.774057794489515,11.155566799663193,79.85714285714286,78.92857142857143,0.9285714285714286,169.0
Tarleton State Texans,13,7-6,0.5384615384615384,93.40565417185712,92.83366206745912,0.5719921043979989,83.10200668896321,10.626549144938807,12.102547295195517,77.46153846153847,77.46153846153847,0.0,170.0
Youngstown State Penguins,15,6-9,0.4,92.86643768010536,92.36319194952426,0.5032457305810832,80.268115942029,7.540071724361984,8.09570128194709,74.46666666666667,74.33333333333333,0.13333333333333333,171.0
Idaho State Bengals,14,6-8,0.42857142857142855,94.03723360165091,93.6611790967618,0.37605450488911074,81.14906832298136,9.439226686951022,9.00872322133982,76.42857142857143,76.21428571428571,0.21428571428571427,172.0
Lipscomb Bisons,15,8-7,0.5333333333333333,92.77311742796131,92.45651220166832,0.3166052262930047,84.03623188405797,12.207366078013905,13.06615396123629,77.73333333333333,78.0,-0.26666666666666666,173.0
Drexel Dragons,17,7-10,0.4117647058823529,92.39625027333136,92.08740985738761,0.308840415943758,73.13299232736574,11.08701111394893,11.272862931805179,67.17647058823529,67.82352941176471,-0.6470588235294118,174.0
UC Santa Barbara Gauchos,14,7-7,0.5,94.80305791961173,94.56202144546765,0.2410364741440826,81.26552795031056,10.022683598675064,7.3032745984755785,77.5,76.85714285714286,0.6428571428571429,175.0
North Texas Mean Green,14,8-6,0.5714285714285714,92.0845508816376,91.91544911836242,0.16910176327517742,71.31211180124224,9.516796240132194,9.516796240132194,65.85714285714286,65.35714285714286,0.5,176.0
Idaho Vandals,13,7-6,0.5384615384615384,92.70018314235716,92.61605617388217,0.0841269684750133,83.30267558528428,8.854553160113406,8.588945457443495,77.23076923076923,77.23076923076923,0.0,177.0
Fairfield Stags,16,9-7,0.5625,93.16132796694407,93.17200536638927,-0.010677399445206959,79.7350543478261,8.072587917626098,9.47968251906953,74.3125,74.5,-0.1875,178.0
Montana State Bobcats,14,6-8,0.42857142857142855,92.58454682912274,92.63767539309947,-0.053128563976736744,80.72981366459626,4.830389788756456,5.258345746911813,74.92857142857143,74.71428571428571,0.21428571428571427,179.0
Robert Morris Colonials,15,9-6,0.6,92.25151497538695,92.32626280239084,-0.07474782700391529,81.89130434782608,7.288719914340973,8.508309752092027,75.4,75.8,-0.4,180.0
Monmouth Hawks,16,7-9,0.4375,91.91223966532183,92.08776033467817,-0.17552066935633892,76.69836956521739,6.642998384701526,6.642998384701526,70.4375,70.6875,-0.25,181.0
UC Davis Aggies,14,7-7,0.5,93.24102725121699,93.61611560592588,-0.3750883547088963,83.77329192546584,9.404367286551022,8.941843884108096,78.0,78.71428571428571,-0.7142857142857143,182.0
Drake Bulldogs,15,6-9,0.4,92.80950184677422,93.22012778285543,-0.410625936081226,79.62318840579708,10.409024910039312,10.93325111124032,74.2,74.13333333333334,0.06666666666666667,183.0
SIU Edwardsville Cougars,14,7-7,0.5,91.76643054387853,92.23356945612147,-0.46713891224294557,74.7670807453416,7.136619034280514,7.136619034280516,68.42857142857143,69.14285714285714,-0.7142857142857143,184.0
Utah Utes,16,8-8,0.5,94.07005199989948,94.54105911121164,-0.4710071113121632,85.38043478260869,7.807280607848088,7.036876560417411,80.5625,80.6875,-0.125,185.0
Toledo Rockets,14,7-7,0.5,93.24244279415271,93.78930323759333,-0.5468604434406085,84.50310559006212,8.443957022181753,8.070159219449078,78.78571428571429,79.42857142857143,-0.6428571428571429,186.0
UNLV Rebels,14,6-8,0.42857142857142855,95.02592749737254,95.59312012167508,-0.5671926243025597,81.89440993788818,12.433301085655572,15.057431610193904,77.71428571428571,78.92857142857143,-1.2142857142857142,187.0
Fresno State Bulldogs,15,6-9,0.4,92.0699808784817,92.70038949188867,-0.6304086134069516,77.81159420289855,9.112596560436872,9.184404932962478,71.66666666666667,72.2,-0.5333333333333333,188.0
Missouri State Bears,13,7-6,0.5384615384615384,92.4746675706696,93.37148627548427,-0.8968187048146796,76.73076923076923,9.953275143535027,10.689711569866859,70.84615384615384,72.0,-1.1538461538461537,189.0
Florida International Panthers,13,6-7,0.46153846153846156,94.055498528638,94.953048479909,-0.8975499512710085,84.33946488294313,8.826032920631922,11.126101493249617,79.3076923076923,80.38461538461539,-1.0769230769230769,190.0
Iona Gaels,17,11-6,0.6470588235294118,93.01658588113571,93.93766248487738,-0.921076603741696,81.1317135549872,13.646385841997423,12.416361091910169,75.82352941176471,76.11764705882354,-0.29411764705882354,191.0
Pennsylvania Quakers,14,7-7,0.5,92.37572420415985,93.32268849425284,-0.9469642900929968,81.85559006211179,7.727899556999167,10.430512676488569,75.57142857142857,76.57142857142857,-1.0,192.0
Middle Tennessee Blue Raiders,13,7-6,0.5384615384615384,92.15925663930912,93.27664079658832,-1.1173841572792174,77.68394648829431,10.476582739106115,10.569973342421182,71.53846153846153,72.6923076923077,-1.1538461538461537,193.0
UMBC Retrievers,13,7-6,0.5384615384615384,91.54715329502889,92.91438516650958,-1.367231871480701,79.54013377926421,10.723348663994631,10.922755633715104,72.6923076923077,74.07692307692308,-1.3846153846153846,194.0
South Dakota State Jackrabbits,15,6-9,0.4,92.23907749923723,93.65721879705909,-1.4181412978218608,80.81159420289855,10.972164173388819,11.486247927571194,74.86666666666666,75.53333333333333,-0.6666666666666666,195.0
Cornell Big Red,13,5-8,0.38461538461538464,101.35920016375734,102.81174000718285,-1.4525398434255146,88.37792642140468,9.226021518299374,14.842249419666489,89.76923076923077,91.0,-1.2307692307692308,196.0
Valparaiso Beacons,16,7-9,0.4375,91.42896644669584,92.97381133108195,-1.5448448843861158,77.01086956521739,10.441031047715807,10.756832382035585,70.125,71.9375,-1.8125,197.0
Long Island University Sharks,17,10-7,0.5882352941176471,92.74801488792207,94.38924001403873,-1.6412251261166844,81.29795396419436,10.043595125169634,9.588861376330636,75.3529411764706,77.05882352941177,-1.7058823529411764,198.0
UIC Flames,15,5-10,0.3333333333333333,91.52498544696596,93.20094047895999,-1.675955031993999,78.70289855072464,6.153773984858537,6.471016585637112,72.0,73.46666666666667,-1.4666666666666666,199.0
Marquette Golden Eagles,17,6-11,0.35294117647058826,92.4199296574152,94.16830563670246,-1.7483759792872546,80.79923273657289,11.551850062451685,11.784910670114224,74.6470588235294,76.3529411764706,-1.7058823529411764,200.0
Lamar Cardinals,14,6-8,0.42857142857142855,91.14650097292566,92.96461013818544,-1.8181091652597579,74.63509316770185,7.827574427046811,7.839147293281936,67.78571428571429,69.64285714285714,-1.8571428571428572,201.0
Washington State Cougars,17,7-10,0.4117647058823529,92.36627214844567,94.19581935482232,-1.8295472063766254,80.1086956521739,8.414651461995698,8.31620457290443,74.29411764705883,75.41176470588235,-1.1176470588235294,202.0
Southeast Missouri State Redhawks,14,6-8,0.42857142857142855,91.79752099356747,93.64692345087697,-1.8494024573094612,82.79503105590061,9.214522603356361,9.411869372953818,75.64285714285714,78.0,-2.357142857142857,203.0
Central Connecticut Blue Devils,13,7-6,0.5384615384615384,92.98650126253885,95.15025087421328,-2.1637496116744255,76.36287625418059,12.072780196270719,11.229264005960465,71.3076923076923,72.92307692307692,-1.6153846153846154,204.0
Wofford Terriers,15,9-6,0.6,94.50415115397217,96.68103403121303,-2.176882877240855,82.57246376811594,12.300790788657823,12.113540361712438,78.6,79.8,-1.2,205.0
North Carolina A&T Aggies,13,5-8,0.38461538461538464,90.87505419992317,93.12494580007683,-2.249891600153648,80.97826086956522,8.020962708016036,8.020962708016038,73.38461538461539,75.61538461538461,-2.230769230769231,206.0
Indiana State Sycamores,15,6-9,0.4,92.48924640581778,94.75519803862667,-2.2659516328088602,78.15942028985506,10.616383889584947,11.877462424648902,71.86666666666666,74.86666666666666,-3.0,207.0
App State Mountaineers,16,8-8,0.5,90.97159040170521,93.2645207094059,-2.2929303077006926,74.2391304347826,10.377266629720076,10.44361200431947,67.4375,69.375,-1.9375,208.0
Saint Peter's Peacocks,12,6-6,0.5,91.31372707414157,93.6492358888214,-2.3355088146798324,74.6195652173913,12.150788394330696,11.554908760329363,67.91666666666667,70.25,-2.3333333333333335,209.0
Saint Joseph's Hawks,14,7-7,0.5,92.9711018674411,95.4098505135113,-2.4387486460702053,78.33074534161491,9.664026981115228,11.214373380543421,72.85714285714286,75.21428571428571,-2.357142857142857,210.0
Eastern Michigan Eagles,16,7-9,0.4375,91.72624278153498,94.34320166290948,-2.6169588813745084,76.84103260869566,12.597208428277835,12.087787715557486,70.25,73.0,-2.75,211.0
Dartmouth Big Green,13,6-7,0.46153846153846156,92.0976598577415,94.9108871508055,-2.813227293064007,81.47157190635451,12.296450805573668,11.037567847750749,75.23076923076923,77.38461538461539,-2.1538461538461537,212.0
Florida Gulf Coast Eagles,15,5-10,0.3333333333333333,94.9065615456317,97.81936438029422,-2.9128028346625117,84.60869565217392,9.89535520288826,13.190288844458307,80.26666666666667,83.26666666666667,-3.0,213.0
Incarnate Word Cardinals,13,5-8,0.38461538461538464,90.93655989674888,93.84976488957591,-2.9132049928270223,79.29765886287625,9.107591533975388,9.232565571563347,72.15384615384616,74.46153846153847,-2.3076923076923075,214.0
Ohio Bobcats,15,8-7,0.5333333333333333,92.25063342015902,95.26047769095209,-3.009844270793084,81.97826086956522,9.05236574778351,10.495064919311616,75.73333333333333,78.26666666666667,-2.533333333333333,215.0
James Madison Dukes,16,8-8,0.5,91.6954964494365,94.74894799500794,-3.0534515455714297,81.92255434782608,6.412733729398556,8.293549353747048,75.125,77.8125,-2.6875,216.0
Jacksonville State Gamecocks,13,5-8,0.38461538461538464,90.65745653084151,93.71861184522687,-3.061155314385338,75.35953177257524,5.538096560964518,5.669164449103405,68.53846153846153,70.46153846153847,-1.9230769230769231,217.0
Louisiana Tech Bulldogs,13,6-7,0.46153846153846156,90.43301956947525,93.56698043052477,-3.133960861049487,70.44314381270902,13.034484356574822,13.03448435657482,63.61538461538461,66.0,-2.3846153846153846,218.0
Tennessee State Tigers,13,7-6,0.5384615384615384,91.16571758107199,94.47530805995365,-3.309590478881653,82.01505016722408,8.878558437122994,9.765913528882065,74.92307692307692,77.46153846153847,-2.5384615384615383,219.0
Radford Highlanders,15,6-9,0.4,92.43017691769111,95.76241567490148,-3.332238757210402,84.86956521739133,13.768903933191787,11.383656373367275,78.46666666666667,81.46666666666667,-3.0,220.0
Oregon State Beavers,19,9-10,0.47368421052631576,90.6137083933341,93.95939102187059,-3.3456826285364993,78.72425629290619,9.13972868581148,9.330930529114191,71.05263157894737,74.3157894736842,-3.263157894736842,221.0
Brown Bears,13,4-9,0.3076923076923077,90.68437166335632,94.06776508878046,-3.3833934254241367,73.29431438127091,9.422222586539391,9.57603528233838,66.23076923076923,69.3076923076923,-3.076923076923077,222.0
Colgate Raiders,15,7-8,0.4666666666666667,91.41982143271647,94.86166004876502,-3.4418386160485444,80.44202898550725,7.966266422100661,7.248697003816503,73.6,76.46666666666667,-2.8666666666666667,223.0
Towson Tigers,16,7-9,0.4375,90.40042390958762,94.11346497930127,-3.71304106971366,73.18614130434781,10.910613696640203,10.444543990893047,66.0625,69.0625,-3.0,224.0
Montana Grizzlies,13,6-7,0.46153846153846156,92.39006488619818,96.31078981465652,-3.9207249284583248,83.52842809364549,11.23589695132433,9.31186470788486,77.38461538461539,80.53846153846153,-3.1538461538461537,225.0
Nicholls Colonels,15,7-8,0.4666666666666667,91.58105157889946,95.53005953221165,-3.949007953312186,80.36231884057972,8.092838618140034,10.478119798666276,73.66666666666667,77.0,-3.3333333333333335,226.0
Boston University Terriers,16,6-10,0.375,91.79640036437263,95.88415519118294,-4.087754826810326,80.36684782608695,8.557411771711564,7.5017147228474,74.25,76.9375,-2.6875,227.0
Cal State Northridge Matadors,16,8-8,0.5,92.86486819558945,96.95457624885499,-4.089708053265538,84.95923913043478,12.728209375467971,9.529434938825025,79.3125,82.25,-2.9375,228.0
Le Moyne Dolphins,16,6-10,0.375,91.53444622851185,95.63222043815483,-4.097774209642977,79.49728260869566,11.465021260420308,12.826492976847582,72.625,76.5,-3.875,229.0
Oakland Golden Grizzlies,16,8-8,0.5,94.94790948038252,99.09375718628415,-4.145847705901623,86.12092391304347,12.169286582942512,13.558504661586968,82.3125,85.1875,-2.875,230.0
Northeastern Huskies,16,5-11,0.3125,92.10498059469265,96.31168607197404,-4.206705477281384,82.99592391304347,7.8554658385297005,9.181142565399188,76.4375,80.25,-3.8125,231.0
UT Rio Grande Valley Vaqueros,14,4-10,0.2857142857142857,90.37022556107671,94.64564745479632,-4.275421893719594,77.64751552795032,8.145108775818176,8.651404443716979,70.21428571428571,73.57142857142857,-3.357142857142857,232.0
Hampton Pirates,16,6-10,0.375,90.18021480019999,94.54200742202224,-4.36179262182223,74.375,8.171038868876376,8.174934171716234,67.25,70.25,-3.0,233.0
Rutgers Scarlet Knights,16,8-8,0.5,90.06760405322248,94.4462848356664,-4.378680782443905,77.12635869565219,12.319541523879842,12.146759942574974,69.3125,73.0625,-3.75,234.0
Texas State Bobcats,16,7-9,0.4375,90.2868303637506,94.94928074736052,-4.662450383609918,79.0149456521739,8.842619390671745,9.742103881948948,71.3125,75.1875,-3.875,235.0
American University Eagles,15,7-8,0.4666666666666667,90.76676043254484,95.51472104893664,-4.747960616391786,79.97101449275361,11.179936955342404,13.65544888047761,72.46666666666667,76.73333333333333,-4.266666666666667,236.0
Maryland Terrapins,16,7-9,0.4375,91.50072088785876,96.2909457788079,-4.790224890949149,80.1086956521739,11.772890783190165,12.897857611306847,73.375,77.4375,-4.0625,237.0
Longwood Lancers,16,7-9,0.4375,89.80650045755232,94.63794398689214,-4.83144352933982,81.16847826086956,7.472998559527578,7.024332963601672,72.9375,76.8125,-3.875,238.0
Central Arkansas Bears,15,5-10,0.3333333333333333,90.14491700426778,95.20323114388036,-5.058314139612569,82.09420289855073,14.293728822272643,14.797361313596475,74.06666666666666,78.2,-4.133333333333334,239.0
Coastal Carolina Chanticleers,17,8-9,0.47058823529411764,89.63814807663073,94.78015257696404,-5.1420045003333215,77.54475703324809,11.42942176693662,11.241487354930749,69.58823529411765,73.47058823529412,-3.8823529411764706,240.0
Merrimack Warriors,17,10-7,0.5882352941176471,89.52906332075247,94.75851837859395,-5.229455057841486,74.37979539641944,10.500355242572029,10.226705095028617,66.6470588235294,70.47058823529412,-3.823529411764706,241.0
Utah Tech Trailblazers,15,6-9,0.4,89.59774738337639,94.9059563203273,-5.30820893695093,82.72463768115942,7.378660732687547,7.671127717671402,74.0,78.66666666666667,-4.666666666666667,242.0
UNC Asheville Bulldogs,15,5-10,0.3333333333333333,90.50457054542814,95.88061463975706,-5.376044094328908,79.44927536231883,9.367061589595313,9.084139034031598,72.2,76.13333333333334,-3.933333333333333,243.0
Samford Bulldogs,15,7-8,0.4666666666666667,90.73982483625987,96.34165664522162,-5.601831808961751,82.98550724637681,11.912409986429799,10.892597034536422,75.6,79.86666666666666,-4.266666666666667,244.0
Delaware Blue Hens,15,5-10,0.3333333333333333,89.13476180364059,94.86523819635941,-5.7304763927188525,74.38405797101449,9.438691760479145,9.43869176047914,66.13333333333334,70.73333333333333,-4.6,245.0
Princeton Tigers,16,5-11,0.3125,89.37784082744055,95.13604806144835,-5.758207234007791,75.86956521739131,8.036385745331538,9.096373873350675,67.5625,72.5,-4.9375,246.0
Grambling Tigers,14,6-8,0.42857142857142855,89.05661307396154,94.94338692603846,-5.886773852076905,78.92080745341615,9.04492296057415,9.044922960574151,70.21428571428571,75.0,-4.785714285714286,247.0
Green Bay Phoenix,15,7-8,0.4666666666666667,89.56488720902989,95.57585353171085,-6.010966322680966,79.87681159420289,10.525248810340335,11.60468413203027,71.46666666666667,76.53333333333333,-5.066666666666666,248.0
Howard Bison,14,6-8,0.42857142857142855,88.99298755074194,95.00701244925806,-6.014024898516132,74.72826086956522,8.460538433971937,8.460538433971934,66.35714285714286,71.14285714285714,-4.785714285714286,249.0
Western Michigan Broncos,14,6-8,0.42857142857142855,89.2811983115246,95.30610327577699,-6.024904964252356,83.2531055900621,12.41931247903481,12.520123207224923,74.42857142857143,79.28571428571429,-4.857142857142857,250.0
Cal State Fullerton Titans,16,6-10,0.375,93.82063180100171,99.94325708788719,-6.122625286885486,86.97010869565217,12.259375414350455,11.036394210573242,81.8125,87.0,-5.1875,251.0
San Diego Toreros,17,6-11,0.35294117647058826,90.17815685653527,96.31857516960854,-6.140418313073281,80.9398976982097,9.094430014857107,9.656910054517423,72.94117647058823,78.23529411764706,-5.294117647058823,252.0
Stony Brook Seawolves,16,7-9,0.4375,88.90689307752092,95.09310692247908,-6.1862138449581545,74.2866847826087,9.946854507655063,9.946854507655065,66.3125,70.375,-4.0625,253.0
South Carolina Upstate Spartans,15,5-10,0.3333333333333333,89.02918411550537,95.44488995856871,-6.4157058430633125,79.04347826086956,7.0694654414871865,6.998290219570574,70.6,75.26666666666667,-4.666666666666667,254.0
Texas A&M-Corpus Christi Islanders,12,4-8,0.3333333333333333,88.72167988970443,95.27832011029558,-6.556640220591146,76.08695652173913,9.637196669295049,9.63719666929505,67.5,72.5,-5.0,255.0
Milwaukee Panthers,16,6-10,0.375,90.25708990369901,96.90957676296766,-6.652486859268655,82.38451086956522,9.147272124645815,10.53937893103776,74.4375,80.0,-5.5625,256.0
Portland Pilots,17,7-10,0.4117647058823529,90.24025227792954,96.94929020573059,-6.709037927801065,83.22250639386189,11.224160346823085,8.786137301823091,75.41176470588235,80.58823529411765,-5.176470588235294,257.0
Abilene Christian Wildcats,14,7-7,0.5,88.62495441927148,95.37504558072854,-6.750091161457057,77.87267080745342,10.225206755620182,10.225206755620174,68.85714285714286,74.42857142857143,-5.571428571428571,258.0
South Dakota Coyotes,15,6-9,0.4,91.83655304393828,98.74122473383949,-6.904671689901225,86.81884057971016,9.059473294657126,12.09493035113258,79.73333333333333,85.93333333333334,-6.2,259.0
Old Dominion Monarchs,17,4-13,0.23529411764705882,89.15537850433456,96.09952345644976,-6.944144952115213,81.25959079283888,8.362368804944229,8.916137761810212,72.23529411764706,78.41176470588235,-6.176470588235294,260.0
Cal Poly Mustangs,16,5-11,0.3125,92.40657099500149,99.45454011610963,-7.047969121108144,86.23641304347827,7.448262183319098,8.038967400838848,79.8125,85.9375,-6.125,261.0
Wagner Seahawks,12,3-9,0.25,90.83959324365776,97.90114749708299,-7.061554253425214,78.97644927536231,9.896440148937286,9.62159917682004,71.83333333333333,77.75,-5.916666666666667,262.0
Chattanooga Mocs,14,4-10,0.2857142857142857,88.67498755873815,96.13453625078567,-7.459548692047527,81.12577639751554,7.765880529971485,8.475281438877628,71.71428571428571,78.28571428571429,-6.571428571428571,263.0
Sacred Heart Pioneers,16,4-12,0.25,90.28234493976917,97.85654394911973,-7.57419900935056,80.55027173913044,12.738727389638052,11.988208704676948,72.875,79.0625,-6.1875,264.0
Alabama A&M Bulldogs,13,5-8,0.38461538461538464,88.63365796996654,96.42617108986254,-7.7925131198960145,75.44314381270902,14.17242844212491,14.395117589461746,66.38461538461539,73.38461538461539,-7.0,265.0
Campbell Fighting Camels,16,7-9,0.4375,89.66127797810083,97.74149979967697,-8.080221821576158,83.28804347826087,13.519547592124281,10.627307584345958,74.9375,81.375,-6.4375,266.0
SE Louisiana Lions,15,4-11,0.26666666666666666,87.78100306547451,96.21899693452549,-8.43799386905101,73.76811594202898,6.5252416036955925,6.525241603695597,64.66666666666667,71.06666666666666,-6.4,267.0
Detroit Mercy Titans,13,4-9,0.3076923076923077,88.7408652250531,97.22494674075885,-8.484081515705755,83.23578595317726,8.541480613313615,9.169867532073175,73.76923076923077,81.15384615384616,-7.384615384615385,268.0
Purdue Fort Wayne Mastodons,15,7-8,0.4666666666666667,88.78166812051418,97.35166521281916,-8.569997092304982,82.03623188405797,9.607339448372572,9.636052094518334,73.0,79.86666666666666,-6.866666666666666,269.0
Mercyhurst Lakers,15,5-10,0.3333333333333333,87.71081727173195,96.28918272826805,-8.578365456536092,72.46376811594202,11.733233025116922,11.733233025116922,64.06666666666666,69.26666666666667,-5.2,270.0
Bellarmine Knights,14,4-10,0.2857142857142857,89.68912566162312,98.35849338599594,-8.669367724372824,85.09316770186335,9.311526679237343,10.573644926549408,76.07142857142857,84.14285714285714,-8.071428571428571,271.0
Omaha Mavericks,15,4-11,0.26666666666666666,88.4999347800124,97.42599114591354,-8.926056365901138,82.5,6.926324479189392,6.8824541747899035,73.06666666666666,80.46666666666667,-7.4,272.0
Presbyterian Blue Hose,15,5-10,0.3333333333333333,87.58300096972313,96.59477680805466,-9.011775838331541,73.75362318840578,11.869514903018006,11.850683379944678,64.53333333333333,71.33333333333333,-6.8,273.0
Lehigh Mountain Hawks,15,4-11,0.26666666666666666,87.47646798887327,96.77538386297857,-9.298915874105308,78.06521739130433,7.8636369397128725,7.7991456466580935,68.46666666666667,75.4,-6.933333333333334,274.0
Cal State Bakersfield Roadrunners,16,6-10,0.375,88.4901353747483,97.92653129191837,-9.436395917170067,80.54347826086956,8.683142338774749,10.740964829759244,71.25,79.125,-7.875,275.0
Denver Pioneers,16,5-11,0.3125,90.10743536701817,99.64256463298183,-9.535129265963675,87.8125,8.520386444952589,9.505880947445188,79.1875,87.5625,-8.375,276.0
Eastern Kentucky Colonels,15,4-11,0.26666666666666666,88.57246274046278,98.12383355583351,-9.551370815370744,84.04347826086956,7.930425304329868,7.619062884416699,74.4,82.66666666666667,-8.266666666666667,277.0
Norfolk State Spartans,15,4-11,0.26666666666666666,86.96403018244423,97.03596981755581,-10.071939635111562,75.25362318840578,7.396198586434127,7.396198586434132,65.26666666666667,73.2,-7.933333333333334,278.0
San Jos State Spartans,15,4-11,0.26666666666666666,87.52118045165115,97.75289362242295,-10.231713170771787,79.59420289855073,9.56223106246463,9.394829065330724,69.8,77.8,-8.0,279.0
La Salle Explorers,16,4-12,0.25,86.8840608755413,97.11593912445872,-10.231878248917425,76.93614130434781,11.197808068357824,11.197808068357824,66.75,74.8125,-8.0625,280.0
New Orleans Privateers,16,5-11,0.3125,87.00025244461722,97.43030311093833,-10.430050666321105,84.13043478260869,10.886510450931171,10.87138067611362,73.3125,81.875,-8.5625,281.0
Rice Owls,14,5-9,0.35714285714285715,87.07818819340146,97.50911339390015,-10.430925200498711,79.75931677018635,10.64426038215409,10.49841473543666,69.35714285714286,77.92857142857143,-8.571428571428571,282.0
Long Beach State Beach,15,4-11,0.26666666666666666,87.02957343800406,97.47413026569966,-10.444556827695555,81.56521739130434,8.417741996750234,8.325463718472427,71.2,79.33333333333333,-8.133333333333333,283.0
Army Black Knights,15,5-10,0.3333333333333333,88.38389558953668,99.11240070675963,-10.728505117222936,83.03623188405797,10.130042392662236,10.284911673815653,73.53333333333333,82.4,-8.866666666666667,284.0
Mount St. Mary's Mountaineers,16,5-11,0.3125,87.58635641990908,98.37197691342426,-10.785620493515193,77.60869565217392,9.017173840950484,9.992468169425518,68.0,76.5625,-8.5625,285.0
Loyola Chicago Ramblers,17,5-12,0.29411764705882354,87.19925017012207,97.99029231353806,-10.791042143416004,78.2544757033248,7.751207834834226,7.254709934872551,68.29411764705883,76.76470588235294,-8.470588235294118,286.0
Loyola Maryland Greyhounds,15,3-12,0.2,87.31314525956377,98.10907696265845,-10.795931703094675,81.6231884057971,9.704122465343376,8.397814125059094,71.46666666666667,80.0,-8.533333333333333,287.0
Eastern Washington Eagles,15,2-13,0.13333333333333333,89.98237821767337,100.83243659714145,-10.850058379468074,83.58695652173911,9.041476858208435,10.578675311299445,75.33333333333333,84.6,-9.266666666666667,288.0
Manhattan Jaspers,16,6-10,0.375,89.425155634562,100.38039992099357,-10.955244286431565,81.84103260869564,10.051683178290448,12.526577134540071,73.4375,82.375,-8.9375,289.0
Tennessee Tech Golden Eagles,14,4-10,0.2857142857142857,88.2341174396369,99.32143811591865,-11.08732067628171,79.82142857142856,11.123596444993057,15.231927905625895,70.35714285714286,79.71428571428571,-9.357142857142858,290.0
North Alabama Lions,13,4-9,0.3076923076923077,86.72255171000253,97.85864487119406,-11.136093161191525,77.89297658862876,8.438612041253153,8.022665892562069,67.6923076923077,76.15384615384616,-8.461538461538462,291.0
UNC Greensboro Spartans,15,4-11,0.26666666666666666,89.22696767199301,100.40266195763664,-11.175694285643592,82.71739130434783,9.820889363647034,9.908416659723878,73.93333333333334,83.33333333333333,-9.4,292.0
Lafayette Leopards,16,3-13,0.1875,87.0955011291053,98.2794988708947,-11.18399774178939,79.8641304347826,9.975877839456384,10.478457403254339,69.1875,79.0,-9.8125,293.0
West Georgia Wolves,14,7-7,0.5,89.19550901798013,100.43941161694049,-11.243902598960371,81.59937888198758,13.358899253254927,10.956620052042913,73.42857142857143,81.78571428571429,-8.357142857142858,294.0
Houston Christian Huskies,14,3-11,0.21428571428571427,86.37384767924708,97.62615232075292,-11.252304641505868,78.29968944099379,7.614906814357718,7.614906814357719,67.64285714285714,76.42857142857143,-8.785714285714286,295.0
UMass Lowell River Hawks,15,5-10,0.3333333333333333,87.17163289830309,98.44318191651176,-11.271549018208683,81.89130434782608,11.761696744401997,13.134091963516463,71.2,80.93333333333334,-9.733333333333333,296.0
North Dakota Fighting Hawks,17,6-11,0.35294117647058826,87.55725270521665,99.03098258890101,-11.473729883684356,81.02301790281331,10.176616757851512,8.831671743052949,71.17647058823529,80.23529411764706,-9.058823529411764,297.0
Holy Cross Crusaders,15,5-10,0.3333333333333333,86.31856999174542,97.85920778603236,-11.540637794286942,75.81884057971014,10.611293183331155,10.607437410434766,65.33333333333333,74.33333333333333,-9.0,298.0
East Carolina Pirates,14,4-10,0.2857142857142857,86.57327000868011,98.64895221354212,-12.075682204861996,77.54658385093168,12.101240343516327,11.232010762798968,67.0,76.78571428571429,-9.785714285714286,299.0
Georgia State Panthers,16,4-12,0.25,85.86042750081043,98.13957249918957,-12.279144998379131,77.58152173913044,9.459396690152033,9.459396690152033,66.5625,76.1875,-9.625,300.0
Morehead State Eagles,14,5-9,0.35714285714285715,87.20921486115854,99.60030894836528,-12.391094087206735,79.25465838509318,8.302974158688032,12.749881896242083,69.21428571428571,79.14285714285714,-9.928571428571429,301.0
Northern Arizona Lumberjacks,14,3-11,0.21428571428571427,86.37143839835592,98.77141874450125,-12.39998034614533,77.93478260869566,9.590649635900487,8.277313450709176,67.57142857142857,76.85714285714286,-9.285714285714286,302.0
Little Rock Trojans,15,5-10,0.3333333333333333,85.81173833177142,98.36603944600635,-12.55430111423495,78.71739130434783,12.018918739859933,12.025090218568351,67.53333333333333,77.46666666666667,-9.933333333333334,303.0
Pepperdine Waves,17,3-14,0.17647058823529413,85.55300075959451,98.89144368484993,-13.338442925255404,76.95652173913044,9.966489807327672,9.59076781099244,66.05882352941177,75.94117647058823,-9.882352941176471,304.0
UTEP Miners,13,2-11,0.15384615384615385,85.3053545427512,98.6946454572488,-13.389290914497582,74.41471571906355,6.716040106585466,6.7160401065854645,63.69230769230769,73.23076923076923,-9.538461538461538,305.0
Prairie View A&M Panthers,12,3-9,0.25,89.14983747795678,102.57238474426545,-13.422547266308678,85.30797101449275,9.10416821019945,11.32331098885486,76.0,87.91666666666667,-11.916666666666666,306.0
Louisiana Ragin' Cajuns,18,4-14,0.2222222222222222,85.25949426091915,98.74050573908086,-13.481011478161712,71.16545893719807,9.485913301428019,9.485913301428015,60.611111111111114,70.33333333333333,-9.722222222222221,307.0
Central Michigan Chippewas,15,3-12,0.2,85.72105525534681,99.22709289280131,-13.506037637454506,80.91304347826086,10.62926219280653,11.037923332061151,69.33333333333333,80.4,-11.066666666666666,308.0
Canisius Golden Griffins,15,7-8,0.4666666666666667,85.2012239202365,98.82840570939314,-13.627181789156625,73.42753623188406,14.226912998033589,14.206736114727502,62.266666666666666,72.86666666666666,-10.6,309.0
Ball State Cardinals,14,2-12,0.14285714285714285,85.73283590548928,99.48938631673296,-13.756550411243667,74.51863354037268,9.395651350895188,7.354181285484388,64.42857142857143,73.78571428571429,-9.357142857142858,310.0
IU Indianapolis Jaguars,16,2-14,0.125,91.87235666565908,105.66931000100757,-13.796953335348487,86.9225543478261,8.98170916693916,11.273584512515257,80.1875,91.9375,-11.75,311.0
Northwestern State Demons,14,3-11,0.21428571428571427,85.2778437496055,99.1031086313469,-13.82526488174141,80.59782608695652,8.744830007487076,8.579694893349561,68.78571428571429,79.85714285714286,-11.071428571428571,312.0
Oral Roberts Golden Eagles,15,2-13,0.13333333333333333,86.32779277678974,100.19072574172878,-13.862932964939,80.79710144927536,8.365548165614664,5.996726202489727,69.93333333333334,81.0,-11.066666666666666,313.0
Stonehill Skyhawks,15,3-12,0.2,85.09638027534194,99.00732342836176,-13.910943153019787,75.2391304347826,8.498530731255801,8.385045847781234,64.06666666666666,74.46666666666667,-10.4,314.0
UAlbany Great Danes,14,2-12,0.14285714285714285,86.1014344250094,100.10491478133979,-14.003480356330401,79.74378881987579,10.841547985902762,11.81175676262381,68.21428571428571,80.5,-12.285714285714286,315.0
Jacksonville Dolphins,15,4-11,0.26666666666666666,85.80851180136682,99.88037708752208,-14.071865286155296,76.78260869565217,11.08334710889607,12.916287030070263,65.66666666666667,77.13333333333334,-11.466666666666667,316.0
Evansville Purple Aces,16,3-13,0.1875,84.9304231383865,99.06957686161351,-14.139153723227025,76.32472826086956,9.359244515178451,9.35924451517845,64.875,75.5625,-10.6875,317.0
Northern Illinois Huskies,13,3-10,0.23076923076923078,85.75843013928082,100.10481772396705,-14.34638758468619,80.40133779264214,12.024553125949724,9.301408631374368,69.07692307692308,80.53846153846153,-11.461538461538462,318.0
UC Riverside Highlanders,15,4-11,0.26666666666666666,85.22155450805643,99.57844549194357,-14.356890983887142,80.44202898550725,11.691099810729652,11.293826251604397,68.73333333333333,80.0,-11.266666666666667,319.0
Alabama State Hornets,15,3-12,0.2,85.87362979010105,100.5856294691582,-14.711999679057152,83.14492753623189,12.567647783394413,10.078661038918852,71.6,83.6,-12.0,320.0
Eastern Illinois Panthers,14,4-10,0.2857142857142857,84.82035925635671,99.60821217221472,-14.787852915858014,75.17857142857143,10.68701333295891,11.466893877470197,63.42857142857143,75.28571428571429,-11.857142857142858,321.0
Bucknell Bison,17,5-12,0.29411764705882354,84.91988683563551,99.759851726456,-14.839964890820484,75.54987212276215,13.192292896848835,14.233427008045945,63.94117647058823,75.82352941176471,-11.882352941176471,322.0
UL Monroe Warhawks,16,1-15,0.0625,87.28129710677428,102.1353695598924,-14.854072453118118,83.05027173913044,8.598757232566307,9.057649923761149,72.5,85.1875,-12.6875,323.0
Western Carolina Catamounts,13,3-10,0.23076923076923078,85.90194361676927,100.93566322083758,-15.033719604068342,84.10535117056855,9.21848943566213,11.713325479786604,72.23076923076923,85.07692307692308,-12.846153846153847,324.0
Maine Black Bears,17,2-15,0.11764705882352941,84.46275705100228,99.53724294899772,-15.074485897995453,69.91687979539641,7.540323575931714,7.540323575931719,59.05882352941177,69.58823529411765,-10.529411764705882,325.0
East Texas A&M Lions,15,5-10,0.3333333333333333,85.83456302307604,101.14321475470175,-15.3086517316257,78.47101449275361,9.521603372372919,13.228516360398945,67.4,79.66666666666667,-12.266666666666667,326.0
Cleveland State Vikings,14,2-12,0.14285714285714285,88.24039882727118,103.87071228383994,-15.630313456568754,86.32763975155278,11.096250982416885,8.49696232755673,76.35714285714286,89.78571428571429,-13.428571428571429,327.0
Binghamton Bearcats,15,1-14,0.06666666666666667,84.47995691178876,101.09041345858162,-16.61045654679286,77.81884057971016,8.478772746280644,7.9098782305627156,65.8,78.8,-13.0,328.0
Southern Jaguars,13,2-11,0.15384615384615385,87.39705119850343,104.07303427158203,-16.675983073078573,84.51505016722408,9.562687721939064,11.443691709936113,74.0,88.23076923076923,-14.23076923076923,329.0
Sacramento State Hornets,12,1-11,0.08333333333333333,87.75524799547588,105.04104830082042,-17.285800305344537,82.29166666666667,9.252030518861627,8.747362509055224,72.58333333333333,86.75,-14.166666666666666,330.0
Fairleigh Dickinson Knights,14,2-12,0.14285714285714285,84.0709354137782,101.53223918939639,-17.461303775618195,77.32142857142857,9.513627384193706,8.956019921763145,65.21428571428571,78.5,-13.285714285714286,331.0
Maryland Eastern Shore Hawks,17,4-13,0.23529411764705882,83.25508157267433,100.74491842732567,-17.489836854651358,72.50639386189258,14.839614962127913,14.839614962127914,60.294117647058826,73.11764705882354,-12.823529411764707,332.0
New Haven Chargers,14,4-10,0.2857142857142857,83.23904229748159,100.76095770251843,-17.52191540503684,69.13819875776396,13.587355811655659,13.587355811655662,57.42857142857143,69.78571428571429,-12.357142857142858,333.0
Bethune-Cookman Wildcats,14,4-10,0.2857142857142857,85.50405582512279,103.0991187780518,-17.59506295292905,82.6086956521739,13.754421900849728,13.920294464426648,70.35714285714286,85.78571428571429,-15.428571428571429,334.0
NJIT Highlanders,17,6-11,0.35294117647058826,83.31964218526564,101.22937742257751,-17.90973523731186,77.06521739130436,13.234067899571752,12.526588914688594,64.29411764705883,78.0,-13.705882352941176,335.0
VMI Keydets,14,3-11,0.21428571428571427,84.7516893460314,102.67688208254003,-17.925192736508645,79.53416149068322,11.013506840563064,11.127890843190785,67.85714285714286,81.57142857142857,-13.714285714285714,336.0
Niagara Purple Eagles,14,3-11,0.21428571428571427,82.82358743958746,101.17641256041257,-18.352825120825116,74.57298136645962,12.257176523613735,12.257176523613742,61.714285714285715,75.5,-13.785714285714286,337.0
New Hampshire Wildcats,14,2-12,0.14285714285714285,83.2418597019504,101.61528315519247,-18.373423453242044,76.63819875776396,11.020999629899176,10.512100122709189,64.14285714285714,77.64285714285714,-13.5,338.0
Western Illinois Leathernecks,14,1-13,0.07142857142857142,82.78253186163705,101.40794432883915,-18.625412467202107,76.03260869565216,7.517441453921245,7.505867853265713,62.714285714285715,77.35714285714286,-14.642857142857142,339.0
Kansas City Roos,15,1-14,0.06666666666666667,84.56605058398024,103.33024571231604,-18.76419512833579,80.70289855072464,8.42190119525547,8.442310102588634,68.46666666666667,83.53333333333333,-15.066666666666666,340.0
Stetson Hatters,15,4-11,0.26666666666666666,83.41585985421706,102.22858459022738,-18.81272473601035,79.4855072463768,13.031100306382806,10.439894071602076,66.4,81.33333333333333,-14.933333333333334,341.0
Bryant Bulldogs,15,3-12,0.2,82.47827536147558,101.52172463852443,-19.04344927704885,71.59420289855072,10.609346367995444,10.60934636799545,59.2,72.53333333333333,-13.333333333333334,342.0
Arkansas-Pine Bluff Golden Lions,14,4-10,0.2857142857142857,86.2525924325406,105.46169328174514,-19.20910084920454,85.51242236024844,12.143863968447697,14.226772434362182,73.71428571428571,90.57142857142857,-16.857142857142858,343.0
Air Force Falcons,16,3-13,0.1875,82.95573992823677,102.25259340509656,-19.29685347685978,74.375,11.54476112697307,9.475902357633794,62.0,75.9375,-13.9375,344.0
Southern Utah Thunderbirds,14,1-13,0.07142857142857142,83.07448612040139,103.46519641928116,-20.390710298879736,80.82298136645963,9.316387891474797,11.207698865779758,66.78571428571429,84.21428571428571,-17.428571428571427,345.0
Florida A&M Rattlers,11,2-9,0.18181818181818182,82.26834916720581,102.66094376208713,-20.392594594881327,81.36363636363636,10.17733395556719,10.005752301994447,66.81818181818181,83.72727272727273,-16.90909090909091,346.0
Delaware State Hornets,13,2-11,0.15384615384615385,81.6835924399419,102.31640756005808,-20.632815120116177,70.15050167224081,11.558234598598384,11.558234598598379,57.38461538461539,71.6923076923077,-14.307692307692308,347.0
Morgan State Bears,14,2-12,0.14285714285714285,81.4811956754697,102.5188043245303,-21.03760864906061,80.16304347826086,10.958397414899688,10.95839741489969,65.5,82.0,-16.5,348.0
The Citadel Bulldogs,14,1-13,0.07142857142857142,83.3912543365125,105.2277932825351,-21.836538946022575,77.70962732919256,10.834114116282201,7.586116749483506,65.57142857142857,81.57142857142857,-16.0,349.0
North Florida Ospreys,15,0-15,0.0,84.29721637520127,106.33982066183576,-22.042604286634475,87.44202898550725,9.858595516809038,10.034510993754616,73.73333333333333,93.13333333333334,-19.4,350.0
Chicago State Cougars,16,1-15,0.0625,81.87883058939977,104.28783607726689,-22.409005487867123,79.81657608695653,9.233038983858354,9.312722320429335,65.5,83.3125,-17.8125,351.0
UTSA Roadrunners,14,2-12,0.14285714285714285,81.3839588849585,103.87000936900976,-22.48605048405126,78.30745341614907,9.048320124106759,10.478402444178244,63.714285714285715,81.5,-17.785714285714285,352.0
North Carolina Central Eagles,13,2-11,0.15384615384615385,81.54991241673875,104.05692519009888,-22.50701277336014,78.938127090301,9.072663025594414,11.425486759715533,64.3076923076923,82.38461538461539,-18.076923076923077,353.0
Rider Broncs,13,0-13,0.0,80.96346031552027,103.72030036824042,-22.75684005272013,73.77090301003344,9.526715538795216,9.47902989147637,59.76923076923077,76.76923076923077,-17.0,354.0
Saint Francis Red Flash,15,2-13,0.13333333333333333,80.1694716480845,104.54163946302664,-24.372167814942138,82.00724637681157,8.819807957920906,8.947977567306442,65.53333333333333,86.0,-20.466666666666665,355.0
Texas Southern Tigers,12,0-12,0.0,81.3811141337014,107.95221919963194,-26.571105065930528,82.98913043478261,10.76575556876598,11.213849340314162,67.75,89.75,-22.0,356.0
South Carolina State Bulldogs,16,1-15,0.0625,79.4065890721494,106.5934109278506,-27.18682185570119,81.39266304347825,11.099670426444698,10.941784534619895,64.625,86.9375,-22.3125,357.0
Alcorn State Braves,14,2-12,0.14285714285714285,80.98375664518025,110.00037033894678,-29.016613693766494,80.43478260869566,11.646146056796555,16.086473102570448,65.28571428571429,89.0,-23.714285714285715,358.0
Jackson State Tigers,15,3-12,0.2,79.31526999042346,109.0106559355025,-29.695385945079057,80.78260869565217,13.064093371277295,15.359921704241264,63.8,88.73333333333333,-24.933333333333334,359.0
Coppin State Eagles,18,2-16,0.1111111111111111,78.01949839645535,107.94346456650763,-29.923966170052267,80.13888888888889,10.340718282036402,9.773797644678597,62.388888888888886,86.83333333333333,-24.444444444444443,360.0
Gardner-Webb Runnin' Bulldogs,15,0-15,0.0,77.80663549213152,109.23040154490555,-31.423766052774006,84.02173913043478,10.140538873801242,8.559168622555099,65.66666666666667,91.66666666666667,-26.0,361.0
Mississippi Valley State Delta Devils,16,0-16,0.0,76.67943715127083,110.15389618206251,-33.474459030791664,81.22282608695653,10.927175845526085,11.89517453670109,62.25,89.75,-27.5,362.0
